,Tiktoker name,Tiktok name,Subscribers count,Views avg.,Likes avg,Comments avg.,Shares avg
0,ekin.721,MOMO‚Äôs,221700.0,26000000.0,2800000.0,29400.0,116400.0
1,dojacat,Doja Cat,22200000.0,25400000.0,5000000.0,36700.0,46800.0
2,kiet.ac.quy,Ki·ªát ·∫Æk W·ª∑,2100000.0,20700000.0,3500000.0,38800.0,33900.0
3,charlidamelio,charli d‚Äôamelio,135400000.0,18700000.0,2600000.0,54700.0,35200.0
4,luvadepedreiro,Iran Ferreira (Lai),11400000.0,24800000.0,2600000.0,32700.000000000004,26800.0
5,badbunny,Bad Bunny,16100000.000000002,17600000.0,4000000.0,28000.0,26200.0
6,khaby.lame,Khabane lame,135200000.0,17700000.0,2300000.0,18000.0,11200.0
7,leomahalo,Leo Mahalo,6800000.0,19000000.0,2200000.0,11800.0,14400.0
8,swagboygorringe,Daniel Gorringe,5600000.0,9900000.0,1800000.0,25300.0,35900.0
9,jennmelon,Jenn Melon,2000000.0,11000000.0,2300000.0,15100.0,24500.0
10,jounggustav,Joung Gustav,1900000.0,16399999.999999998,2200000.0,9900.0,13400.0
11,txt.bighitent,TOMORROW X TOGETHER,16200000.0,7700000.0,1800000.0,33200.0,12200.0
12,pongamoslo_a_prueba,Pong√°moslo a Prueba,30400000.0,16000000.0,2500000.0,6300.0,7300.0
13,bdylanhollis,B. Dylan Hollis,7600000.0,8600000.0,1600000.0,11500.0,20000.0
14,lyczak,üëë≈Åyczuuüëë,1500000.0,11800000.0,1400000.0,16100.000000000002,8600.0
15,juandamc,JuanDa.,17100000.0,7500000.0,1700000.0,9100.0,19500.0
16,lifeinanimati0n,A <3,745200.0,6200000.0,1100000.0,8800.0,40200.0
17,zlusha,Zlusha,2000000.0,7200000.0,1100000.0,12900.0,29500.0
18,amauryguichon,Amaury Guichon,5400000.0,11000000.0,1600000.0,5800.0,13300.0
19,eupereiraoficial,Eu Pereira,4600000.0,12200000.0,1200000.0,5700.0,11500.0
20,druskitv,DRUSKI,3200000.0,6400000.0,1200000.0,7700.0,25900.0
21,adrianbliss,Adrian Bliss,5200000.0,7700000.0,1500000.0,5400.0,16000.0
22,kimberly.loaiza,Kimberly Loaiza,61000000.0,9900000.0,1300000.0,14100.0,4500.0
23,deborahyowa,Deborah yowa,10300000.0,12600000.0,688700.0,17000.0,9100.0
24,nekoglai,–ù–∏–∫–æ–ª–∞–π,9400000.0,8500000.0,982300.0,22500.0,4400.0
25,domelipa,Dominik,50700000.0,7900000.0,1200000.0,17300.0,6200.0
26,diego.cr_,Diego Rodr√≠guez,238100.0,9100000.0,845000.0,9100.0,19500.0
27,addisonre,Addison Rae,87300000.0,9300000.0,1200000.0,13400.0,5900.0
28,mastertingus,mastertingus,1500000.0,4200000.0,859200.0,25100.0,33800.0
29,santandave,Santan,1100000.0,6200000.0,1000000.0,21300.0,12000.0
30,machinegunkelly,Colson,3400000.0,10800000.0,822600.0,13700.0,9000.0
31,bellapoarch,Bella Poarch,88500000.0,11100000.0,1000000.0,14300.0,1600.0
32,daddyyankee,daddyyankee,10400000.0,6000000.0,696300.0,18100.0,20600.0
33,official_nct,NCT Official,7300000.0,3200000.0,1200000.0,23100.0,17600.0
34,zeth,Zeth,10800000.0,6600000.0,1300000.0,4100.0,12800.0
35,larrayeeee,LARRAY,25600000.0,5400000.0,1200000.0,17600.0,4100.0
36,mrbeast,MrBeast,34700000.0,6800000.0,1100000.0,16100.000000000002,1500.0
37,jypestraykids,Stray Kids,10800000.0,2900000.0,1100000.0,27600.0,12000.0
38,iamferv,Fernanda,26100000.0,7800000.0,1100000.0,10300.0,3800.0
39,nicocaponecomedy,nicocapone.comedy,20300000.0,11800000.0,691800.0,3900.0,10200.0
40,honeybobabear,HoneyBobaBear,7800000.0,10100000.0,1400000.0,5000.0,2400.0
41,masondenverr,mason,2000000.0,4400000.0,1200000.0,7300.0,11300.0
42,nicoletv,Kayla Nicole,10200000.0,6100000.0,999300.0,4900.0,10000.0
43,aquajock_h2bro,J√¶B√¶,509700.0,5400000.0,966400.0,5400.0,10600.0
44,terryreloaded,Terry Reloaded,3900000.0,4900000.0,1000000.0,6300.0,10200.0
45,soysuco,soysuco,9600000.0,6300000.0,999500.0,11100.0,2000.0
46,itzyofficial,ITZY,7300000.0,4700000.0,1200000.0,10400.0,3600.0
47,oldtimehawkey,Old Time Hawkey,5100000.0,4800000.0,831600.0,11000.0,7000.0
48,missionaryjack,Jack Harlow,3300000.0,8300000.000000001,837000.0,4900.0,5500.0
49,conormaynard,Conor Maynard,6200000.0,5800000.0,794300.0,8900.0,6600.0
50,conormaynard,Conor Maynard,6200000.0,5800000.0,794300.0,8900.0,6600.0
51,itssassagurl,Sassa Gurl,5300000.0,6000000.0,969600.0,6200.0,6000.0
52,terryreloaded,Terry Reloaded,4000000.0,4400000.0,955300.0,6200.0,9400.0
53,jimmydarts,Jimmy Darts,8100000.0,5300000.0,893400.0,10300.0,2900.0
54,alshad95,Alshad Ahmad,1600000.0,7300000.0,761900.0,6200.0,5000.0
55,bayashi.tiktok,„Éê„É§„Ç∑ü•ëBayashi,24100000.0,7700000.0,958000.0,5800.0,2500.0
56,rosalia,La Rosalia,18300000.0,9800000.0,978500.0,3800.0,2300.0
57,daniel.labelle,Daniel LaBelle,25500000.0,4600000.0,754900.0,5500.0,11800.0
58,masonmount,Mason Mount,2800000.0,4800000.0,806900.0,9900.0,5100.0
59,theandrewschulz,Andrew Schulz,3000000.0,4000000.0,602200.0,2200.0,21600.0
60,activesufi,activesufi,364600.0,13800000.0,1100000.0,2200.0,1500.0
61,hayleygeorgiamorris,Hayley Morris,2900000.0,4600000.0,586900.0,1900.0,18400.0
62,lilnasx,lil nas x,27700000.0,5700000.0,804600.0,9000.0,3000.0
63,willsmith,Will Smith,67400000.0,6900000.0,658500.0,10000.0,2000.0
64,clarissaperezlara,Clari,129500.0,3900000.0,370000.0,2700.0,34200.0
65,spriteder_spd,Prite Netijen Netirattanapaiboon,2700000.0,8000000.0,924800.0,3700.0,3500.0
66,paytonking,Payton King,5100000.0,2800000.0,685400.0,11800.0,15800.0
67,lexibrookerivera,Lexi Rivera,21100000.0,7000000.0,937400.0,6200.0,1900.0
68,snoopdogg,Snoop Dogg,19700000.0,7400000.0,647200.0,6600.0,4300.0
69,tuckerbudzyn,tuckerbudzyn,10100000.0,4000000.0,638600.0,3300.0,16700.0
70,jaykindafunny8,Jaykindafunny,23300000.0,9600000.0,685700.0,2400.0,5200.0
71,solsito.pe,Solsito.pe,80200.0,3500000.0,503100.0,10600.0,17800.0
72,jake2r,"Jake2r, Ph.D.",2100000.0,2800000.0,739600.0,5200.0,17100.0
73,thejoeyswoll,Joey Swoll,2400000.0,5300000.0,804500.0,8400.0,2500.0
74,kallmekris,Kris HC,43300000.0,5400000.0,988000.0,5500.0,3100.0
75,jdpantoja,JD Pantoja,26800000.0,4800000.0,942200.0,8700.0,1300.0
76,datvilla94,üî•ƒê·∫°t Villaüî•,5200000.0,5700000.0,659100.0,8100.0,3100.0
77,haileybieber,Hailey Bieber,7700000.0,5700000.0,810500.0,6300.0,2700.0
78,big.johns,Big Johns,140300.0,3100000.0,476500.0,18400.0,8700.0
79,cleanpuppy,Chloe Cherry,1700000.0,4800000.0,980200.0,5700.0,2900.0
80,arabstay,ùïäùï•ùï£ùïíùï™ ùïúùïöùïïùï§,219000.0,2600000.0,770200.0,11700.0,8200.0
81,aitch12,Aitch,1800000.0,5300000.0,421100.0,7600.0,9800.0
82,doctorgraves,Dr.Graves,2700000.0,5000000.0,879700.0,2800.0,5900.0
83,fredziownik_art,Franek Bielak,11800000.0,6300000.0,781900.0,6500.0,1200.0
84,vibin.wit.tay,Tay,3300000.0,3300000.0,689400.0,4000.0,12600.0
85,cedriklorenzen,Cedrik Lorenzen,2100000.0,4000000.0,457000.0,7900.0,12400.0
86,vanessalopesr,Vanessa Lopes,21300000.0,5900000.0,637100.0,6400.0,2900.0
87,rustam_mayer_djavid,RUSTAM MAYER,4300000.0,7800000.0,390800.0,1600.0,9700.0
88,soojinicoreana,Chingu Amiga,17300000.0,6500000.0,1000000.0,3900.0,1400.0
89,jinisprotips,üí° Jini üí°,713700.0,3700000.0,467600.0,6900.0,12900.0
90,esen_alva,Esen,3100000.0,3300000.0,536300.0,3300.0,15500.0
91,drew.nori,Drew Nori,4700000.0,8100000.0,387900.0,9700.0,733.0
92,wuesilva,Wue Silva,11800000.0,4500000.0,584000.0,10600.0,1800.0
93,thallyssonsb,Thallysson Borges,8500000.0,3600000.0,629000.0,6000.0,8200.0
94,natemyburgh,Nate,306400.0,3400000.0,724900.0,3600.0,9000.0
95,soso_aroundtheworld,Sosonebieridze,109800.0,3000000.0,420000.0,10800.0,13200.0
96,newboyjosh,Newboyjosh,340500.0,4000000.0,445000.0,6400.0,10400.0
97,initiaraandini,tiara andini,4099999.9999999995,7400000.0,651600.0,4400.0,1800.0
98,iamkevingates,Kevin Gates,2100000.0,3500000.0,413600.0,9400.0,11300.0
99,max7424453118,Max Taylor,2800000.0,3500000.0,572600.0,5200.0,9500.0
100,danya_milokhin,danya_milokhin,16500000.0,6300000.0,733200.0,4600.0,1700.0
101,samanthalogan,Samantha Logan,1800000.0,6000000.0,840900.0,3000.0,2800.0
102,jakekrantz1,Jake Krantz,2100000.0,3600000.0,772300.0,3200.0,7100.0
103,fujiiian,Fuji,12700000.0,6200000.0,760400.0,3400.0,2600.0
104,vincentmarcus,VincentMarcus,2500000.0,10700000.0,250400.0,2300.0,8200.0
105,hongthanhofficial,HongThanhOfficial,1300000.0,7700000.0,675600.0,2700.0,2700.0
106,kervo.dolo,Kervo.dolo,7500000.0,3900000.0,606400.0,4400.0,7100.0
107,zachjustice,Zach Justice,3900000.0,6000000.0,793700.0,1000.0,4600.0
108,qamar_altaey,ìÜ©ùëÑùê¥ùëÄùê¥ùëÖ¬π‚Å∂ìÜ™,2800000.0,3600000.0,348000.0,10200.0,10800.0
109,fortnitekanal.exe,Fortnitekanal.exe,1400000.0,2200000.0,539400.0,14000.0,7800.0
110,m.wardy_14,Ÿàÿ±ÿØŸâ,67600.0,1900000.0,465500.0,3800.0,24800.0
111,ynchq,–ØN,3700000.0,3900000.0,645100.0,4100.0,5800.0
112,nilered,NileRed,8700000.0,4000000.0,725800.0,5400.0,3200.0
113,besttoks,besttoks,2200000.0,17400000.0,451600.0,1100.0,2100.0
114,miketoks,Miketoks,11600000.0,6200000.0,599700.0,2500.0,4000.0
115,tiktokmena,TikTok MENA,5700000.0,39500000.0,179200.0,1200.0,2200.0
116,eyavanana,Eya,10800000.0,4600000.0,725300.0,5000.0,2100.0
117,john.leitao,John Leit√£o,2700000.0,4300000.0,380900.0,7800.0,6400.0
118,brunodiferente2022,Bruno Diferente,4000000.0,6600000.0,116700.0,6000.0,22400.0
119,sugarcoatedsisters,Tabby and Chloe,320300.0,3200000.0,523799.99999999994,2600.0,10500.0
120,hesfinatia,PINATüçÖ|| IG: @hesfinatia,8300000.000000001,8600000.0,936900.0,1800.0,837.0
121,vadik_dikiy,vadik_dikiy,914800.0,3200000.0,489100.0,2000.0,11800.0
122,championsleague,Champions League,11600000.0,3600000.0,628300.0,4200.0,5100.0
123,esnyrrr,Esnyr Ranollo,4400000.0,3500000.0,645300.0,4500.0,4800.0
124,savanahmosss,Savanah Moss,9300000.0,4500000.0,703000.0,4100.0,2500.0
125,dindahw14,Dinda Hauw,3000000.0,7900000.0,689200.0,2000.0,1800.0
126,joshiiwuhhh,Joshua Alden,3200000.0,2900000.0,555500.0,3700.0,8800.0
127,j3ipy_,Jeipy,7800000.0,4300000.0,760700.0,3300.0,2800.0
128,morganpresleyxo,Morgan Presley,5300000.0,4800000.0,638500.0,3100.0,3500.0
129,skaijackson,Skai Jackson ü•∞,19700000.0,5200000.0,824000.0,3100.0,1500.0
130,ssmaaaryy,Razi Monroe,6800000.0,6400000.0,586300.0,2800.0,2400.0
131,vhackerr,Vinnie,13900000.0,2900000.0,593700.0,7800.0,3600.0
132,tranvantre992,Tr·∫ßn Tre Vlogs üêâ,759300.0,9100000.0,472900.0,3700.0,799.0
133,jwaltonnn,·¥ä‚ö°Ô∏è,733400.0,1700000.0,369400.0,28000.0,2500.0
134,kubenjoy,KUBenjoy,3500000.0,4200000.0,476300.0,5000.0,4500.0
135,jdiasss_,Jo√£o Dias,7000000.0,3500000.0,817000.0,4500.0,2000.0
136,evcnoble,Everett Noble,9800000.0,3400000.0,844500.0,3200.0,3400.0
137,victormelo,Victor Melo,19400000.0,4600000.0,642200.0,3800.0,2400.0
138,emilen_im,–≠–º–∏–ª—å–µ–Ω,4000000.0,5300000.0,663100.0,4000.0,1200.0
139,ehlija,Eh Lija,3300000.0,4000000.0,506000.0,4700.0,4300.0
140,thoriqhal,thariqhalilintar,3800000.0,5800000.0,662000.0,2400.0,2200.0
141,afgsuga,Afg Suga Official,161700.0,3300000.0,490300.0,4100.0,6800.0
142,jen_wolff,jenny,187600.0,2900000.0,371600.0,5700.0,10500.0
143,tubbynugget,Tubby Nugget,3500000.0,2600000.0,518200.00000000006,2100.0,10800.0
144,rescuerestore,Rescue & Restore,1500000.0,9200000.0,430000.0,1500.0,2900.0
145,baddest4bitches,Edda,1500000.0,2500000.0,580200.0,8500.0,3400.0
146,_itsstefano_,It'sStefano,4400000.0,4600000.0,553800.0,5800.0,856.0
147,guryan_off,–ì—É—Ä—å—è–Ω–æ–≤ –ú–∞–∫—Å–∏–º,2600000.0,3300000.0,479500.0,3100.0,7700.0
148,thebenjishow,benji,5500000.0,3400000.0,549600.0,3800.0,5200.0
149,mikaelatesta,Mikaela Testa,1700000.0,4300000.0,960300.0,3300.0,749.0
150,grillervm,GrillerVM,2900000.0,4300000.0,549300.0,2900.0,4000.0
151,riaricis,Ria Ricis,25500000.0,5500000.0,665100.0,2200.0,2100.0
152,lizzza,Liza Koshy,29400000.0,5200000.0,1200000.0,1900.0,616.0
153,elmarianaa,ElMariana,6500000.0,3800000.0,834800.0,1600.0,3300.0
154,somi_official_,JEON SOMI,6100000.0,3000000.0,746300.0,4600.0,2300.0
155,craggygames,Craggy Games,306800.0,7000000.0,189300.0,726.0,10900.0
156,gritside,gritside,3600000.0,3500000.0,446400.0,1500.0,8300.0
157,charlieputh,Charlie Puth,16100000.000000002,3500000.0,509100.0,5800.0,2600.0
158,spencer_serafica,Xspencer,12300000.0,4000000.0,663200.0,4100.0,1600.0
159,mikaylahau,Mikaylah,4200000.0,3000000.0,386400.0,9900.0,3200.0
160,kevinprieto077,kevinprieto077,1800000.0,3800000.0,589300.0,3400.0,3100.0
161,christianfabiannn,Christian Fabi√°n D.,12000000.0,4800000.0,733200.0,3700.0,398.0
162,brotherofcolor,Heyimparis,12700000.0,5000000.0,609500.0,3600.0,1100.0
163,gavrilinaa,–Æ–ª—å–∫–∞ –®–ø—É–ª—å–∫–∞üï∑üï∏,16300000.0,3900000.0,522200.00000000006,4000.0,3000.0
164,phun.anh,Ph√πn Anh,2700000.0,6800000.0,374200.0,3800.0,1700.0
165,tooturnttony,Tooturnttony,15600000.0,5400000.0,464600.0,2800.0,2800.0
166,baimwong,Baim Wong,7500000.0,5100000.0,392400.0,3700.0,3300.0
167,maxtaylorlifts,Max Taylor,7600000.0,3000000.0,529000.0,4400.0,4500.0
168,kimberly11sofia,‚ú®Kimberly11sofia‚ú®,576600.0,1900000.0,208000.0,27000.0,7800.0
169,lourdasprec,LOURD,8700000.0,2400000.0,592100.0,5300.0,4300.0
170,katiavlogss,KATIAVLOGSüêí,13800000.0,4600000.0,638200.0,3500.0,1100.0
171,itslennnie,lennnie,1900000.0,1900000.0,319200.0,2400.0,20000.0
172,couragejd,Jack CouRage Dunlop,3100000.0,3400000.0,391500.0,2900.0,7100.0
173,karimmahmoudabdelaziz,Karim Mahmoud Abdel Aziz,3400000.0,5300000.0,375600.0,2500.0,4100.0
174,jbdjebb,Jean-Baptiste Djebbari,1100000.0,2900000.0,448600.0,6200.0,3800.0
175,dailymug69,It‚Äôs a sad story...,4200000.0,4099999.9999999995,544200.0,5600.0,251.0
176,superfirsthero,–°–£–ü–ï–†–ü–ï–†–í–´–ô–ì–ï–†–û–ô,1600000.0,2800000.0,526100.0,4400.0,4500.0
177,cookingwithlynja,Lynja,9900000.0,5200000.0,649000.0,2500.0,1400.0
178,gordonramsayofficial,Gordon Ramsay,31700000.0,5700000.0,557200.0,3200.0,835.0
179,nabela,nabela,7200000.0,5400000.0,627100.0,2600.0,1200.0
180,alexwaarren,Alex warren,15200000.0,4600000.0,769000.0,1300.0,2300.0
181,ayesebastien,Sebastien,7200000.0,3100000.0,565300.0,2800.0,4600.0
182,jamie32bsh,Jamie Big Sorrel Hor,7100000.0,5800000.0,313600.0,4700.0,2200.0
183,maxthemeatguy,Max The Meat Guy,3800000.0,6200000.0,681900.0,1700.0,1200.0
184,andy.and.michelle,Andy & Michelle,3700000.0,3100000.0,438100.0,2800.0,6100.0
185,realmsp,RealMsP,349100.0,4900000.0,771900.0,2000.0,1100.0
186,gameofthrones,Game of Thrones,647300.0,3000000.0,359500.0,1900.0,9000.0
187,ameliadimz,ameliadimz,1300000.0,3700000.0,529800.0,4100.0,1800.0
188,chris,Chris Olsen,7200000.0,6100000.0,712100.0,1600.0,1100.0
189,isaach.p,Isaac H.P,1600000.0,2400000.0,230000.0,11000.0,9700.0
190,billlnai,nai,8400000.0,3100000.0,797100.0,3200.0,1400.0
191,samseats,Sam Way,8700000.0,3600000.0,618500.0,2800.0,2200.0
192,soysuco_ff,Suco Ismael,3700000.0,3400000.0,430500.0,6600.0,981.0
193,gaynadia,nadia,287900.0,2200000.0,583800.0,4400.0,4100.0
194,thatlittlepuff,ThatLittlePuff,25000000.0,5100000.0,612900.0,1400.0,2100.0
195,lachama4_ff,LA CHAMA ·¥∞,8300000.000000001,2900000.0,477000.0,7300.0,693.0
196,envydo,envy,198700.0,1800000.0,476100.0,9200.0,3300.0
197,k1lauea,killazz,128199.99999999999,1800000.0,451400.0,9100.0,3700.0
198,noreportar08,noreportar08,265300.0,4000000.0,104900.0,11100.0,12900.0
199,elrodcontreras,RODü•¥,40100000.0,3300000.0,521000.0,4800.0,1000.0
200,k1lauea,killazz,128199.99999999999,1800000.0,451400.0,9100.0,3700.0
201,noreportar08,noreportar08,265300.0,4000000.0,104900.0,11100.0,12900.0
202,elrodcontreras,RODü•¥,40100000.0,3300000.0,521000.0,4800.0,1000.0
203,kpp2179393999,„Åç„ÇÉ„Çä„Éº„Å±„Åø„ÇÖ„Å±„Åø„ÇÖ„ÅÆË£èÂû¢,834900.0,6500000.0,345500.0,1300.0,3200.0
204,elgato,Rodrigo EL GATO,3200000.0,3300000.0,454000.0,4000.0,2700.0
205,carolfermichh,CarolFerMichh,6200000.0,4300000.0,664800.0,2400.0,1100.0
206,montpantoja,Montpantoja,32299999.999999996,3500000.0,652500.0,3200.0,1200.0
207,mmmjoemele,Joe Mele,21000000.0,4300000.0,608400.0,2200.0,1500.0
208,1xgoku,goku,74800.0,1900000.0,345600.0,2500.0,12200.0
209,anthonnyswagg3,anthonnyswagg,8500000.0,8100000.0,469600.0,1700.0,797.0
210,bjjojo_,jüêûjü¶ãfan,61600.0,2000000.0,354500.0,6200.0,7300.0
211,uberkuloz,Berk Keklik,1000000.0,5200000.0,394700.0,2100.0,2500.0
212,nilskue,Nils Kuesel,9500000.0,2600000.0,515400.0,5200.0,1800.0
213,mcsilsiloficial,@mcsilsiloficial,5800000.0,2600000.0,201700.0,4700.0,13700.0
214,labrinth,Labrinth,924900.0,4200000.0,416900.0,3400.0,1900.0
215,oilywhitehat,üîå,197300.0,5500000.0,373500.0,3100.0,1400.0
216,jacksepticeye,Jacksepticeye,4200000.0,2900000.0,512700.00000000006,4300.0,1900.0
217,marisol.viola,marisol viola,1100000.0,2600000.0,504800.0,4100.0,3100.0
218,strangehumano,strangehumman NOVA,7800000.0,3200000.0,386300.0,4500.0,3000.0
219,playboyjuju,üï∑,259399.99999999997,3300000.0,291200.0,5500.0,4200.0
220,itsjessibaby,Jessi,5000000.0,3100000.0,738500.0,3200.0,835.0
221,bbykevv_,Kevin Nguyen,1600000.0,3200000.0,633100.0,2100.0,2400.0
222,nykolasteles,Nykolas Teles,3800000.0,2700000.0,368800.0,5800.0,3400.0
223,morimura,MoriMuraüçï,6400000.0,2200000.0,483000.0,4400.0,4100.0
224,danisoomin,daniela kim,8400000.0,3400000.0,492700.0,4100.0,1200.0
225,tenderlybaemusic,tenderlybae,14400000.0,3600000.0,409500.0,4600.0,1500.0
226,ig_alongwiranda,üïåüèÉ,880700.0,3200000.0,129400.0,1200.0,20000.0
227,crisdevilgamer7,CrisDevilGamer,4500000.0,3500000.0,388100.0,5200.0,1200.0
228,meishmoe,meishmoe,3900000.0,2500000.0,534500.0,2400.0,4100.0
229,maylathanzin,Maylathanzin,1900000.0,3500000.0,417600.0,1200.0,4700.0
230,zuuzina,üëΩ,1200000.0,2700000.0,342400.0,4200.0,5100.0
231,jennifergarner,Jen Garner,2100000.0,3400000.0,315000.0,5600.0,2400.0
232,seventeen17_official,SEVENTEEN,3900000.0,1500000.0,375900.0,11100.0,4100.0
233,meosimmyyt,M√®o Simmy,3900000.0,2700000.0,367100.0,7100.0,1500.0
234,mariabecerra_22,Maria Becerra,6100000.0,3200000.0,553900.0,3600.0,1200.0
235,frostech,FROSTECH,321000.0,3400000.0,411000.0,1500.0,4600.0
236,p0_2,ŸÖÿ¥ÿßÿ±Ÿä ÿ®ŸÜ ÿπÿ®ÿØÿßŸÑÿπÿ≤Ÿäÿ≤  -,1700000.0,4900000.0,233700.0,6000.0,1500.0
237,joelbergs,JoelBergs,11200000.0,3400000.0,636300.0,1700.0,2200.0
238,euro2024,EURO2024,6800000.0,2500000.0,407300.0,2900.0,5400.0
239,daz_black,daz_black,7000000.0,2300000.0,506400.0,4300.0,2900.0
240,claragnds,Maria Clara Garcia,16000000.0,2800000.0,401500.0,5200.0,2100.0
241,desartdestro,desartdestro,7800000.0,5400000.0,368300.0,2000.0,2100.0
242,camilacabello,Camila Cabello,15300000.0,5200000.0,321800.0,2800.0,2000.0
243,berkcoskunofficial,Berk Co≈ükun,3500000.0,5600000.0,194200.0,2900.0,4500.0
244,ser.geybin,Ser Geybin,1700000.0,3800000.0,383500.0,2200.0,3300.0
245,anthpo,Anthony Po,688300.0,1700000.0,414200.0,4700.0,6900.0
246,erikarichardo,erika,7900000.0,4600000.0,578700.0,2500.0,472.0
247,thegnshow,The Graham Norton Show,1200000.0,4900000.0,491000.0,807.0,2500.0
248,cx_.q,ŸÖÿµÿ∑ŸÅŸâ ÿßŸÑÿ®ÿµÿ±ÿßŸàŸä 62,2100000.0,3900000.0,234700.0,3100.0,5400.0
249,owen.han,MANGIAMOH,1500000.0,4800000.0,376200.0,1200.0,3100.0
250,keniaos,KeniaOs,13700000.0,2200000.0,371200.0,7500.0,2000.0
251,angryreactions,Oneya D‚ÄôAmelio,25800000.0,2800000.0,406200.0,6200.0,680.0
252,saraecheagaray,sara,7000000.0,3600000.0,700700.0,2000.0,1000.0
253,ana_eusse,Ana Maria,10500000.0,4400000.0,665500.0,2100.0,560.0
254,ani__mel,Melody üå±,798600.0,1900000.0,359700.0,2700.0,8500.0
255,julianjacob,Julian Jacob,1200000.0,3800000.0,496500.0,2400.0,1600.0
256,averywit,Avery,1000000.0,5400000.0,724100.0,1600.0,293.0
257,buithanhtuyen2003,ùêìùêÆùê≤ùêûÃÇÃÄùêß ùêóùêÆ ùêìùêï üí¶,1800000.0,1600000.0,228800.0,18500.0,1900.0
258,emilythetrimmer,Emily Mohring,492600.0,5800000.0,267900.0,1700.0,3100.0
259,fabru_blacutt,Fabru,17000000.0,5300000.0,544800.0,1900.0,642.0
260,yoangelolo,Angelo Bahu,1200000.0,2400000.0,224300.0,12200.0,1500.0
261,virginiafonseca,Virginia,30600000.0,4400000.0,566400.0,2300.0,679.0
262,haritsuuu,„Éè„É™„ÉÑüåøÊ•µ,1300000.0,4099999.9999999995,158100.0,4900.0,6400.0
263,thekapelariz,The Kapelari Family,1100000.0,2800000.0,464200.0,3500.0,2100.0
264,camavinga,Eduardo Camavinga,1000000.0,3300000.0,522299.99999999994,2500.0,1600.0
265,feezius,feezius,2100000.0,4000000.0,525800.0,2800.0,654.0
266,lights.are.off,LIGHTS ARE OFF,18700000.0,2900000.0,292700.0,6300.0,2100.0
267,benjaminmaissecret,benjamin,174400.0,7000000.0,39200.0,24000.0,1700.0
268,calebrownn,Cale Brown,5000000.0,2700000.0,459500.0,1500.0,4200.0
269,realuser_1,Jrm,1600000.0,4099999.9999999995,411500.0,2500.0,1700.0
270,anas_elshayib,ÿßŸÜÿ≥ ÿßŸÑÿ¥ÿßŸäÿ®,3600000.0,4600000.0,194000.0,6100.0,1800.0
271,caleb.finn,Ôº≥ÔΩîÔΩÅÔΩô„ÄÄÔΩàÔΩôÔΩÑÔΩíÔΩÅÔΩîÔΩÖÔΩÑ„ÄÄÁ∑Ø‰ø∫„Å™,15200000.0,3500000.0,691500.0,2500.0,428.0
272,hi_arvans,arvanss,201400.0,1300000.0,320300.0,1200.0,15500.0
273,theestallion,Megan Thee Stallion,10900000.0,1900000.0,499700.0,4400.0,2900.0
274,rubentuestaok,Ruben Tuesta,12300000.0,4500000.0,418300.0,1100.0,2600.0
275,kingbach,KingBach,26300000.0,3100000.0,582200.0,1800.0,2000.0
276,rdcworld1,Mark Phillips,2800000.0,1800000.0,336000.0,2300.0,9100.0
277,anna..paull,Anna Paul,3000000.0,2800000.0,655600.0,2900.0,838.0
278,drewafualo,Drew Afualo,6800000.0,2200000.0,446500.0,5100.0,2100.0
279,scottkress_,scottkress,2900000.0,1500000.0,402700.0,7400.0,4100.0
280,dixiedamelio,dixie,57200000.0,4400000.0,275200.0,4600.0,1100.0
281,nianaguerrero,Niana Guerrero,30500000.0,3200000.0,493000.0,2700.0,1700.0
282,benoftheweek,ben de almeida,10600000.0,3500000.0,512799.99999999994,3100.0,722.0
283,maiaknight,Maia Knight,8100000.0,3500000.0,628800.0,2500.0,647.0
284,theovon,Theo Von,1400000.0,2400000.0,230600.0,2700.0,9800.0
285,abbieherbert,AbbieHerbert,12200000.0,4600000.0,619200.0,1600.0,772.0
286,yazidoe,YaziDoe,958900.0,2000000.0,297400.0,2800.0,8400.0
287,loewhaley,Laura,1400000.0,2500000.0,232000.0,1200.0,10600.0
288,georgieanthony,georgie munoz,2200000.0,1800000.0,294300.0,3000.0,9500.0
289,.blue_devil,Why Not ? ‚úß,941900.0,4800000.0,486400.0,1500.0,1300.0
290,ya_gazdanova,–ù–∏–Ω–∞ –ì–∞–∑–¥–∞–Ω–æ–≤–∞,3400000.0,3700000.0,184000.0,932.0,8800.0
291,piperrockelle,Piperrockelle,9000000.0,2400000.0,275400.0,9300.0,517.0
292,incorrectlyroce,Roce Ordo√±ez,5000000.0,3100000.0,499500.0,1900.0,2200.0
293,wayeelkaboy10,Wayeelka boy10,852400.0,3700000.0,169600.0,5600.0,4300.0
294,joaoferdnan,Jo√£o Ferdnan,7400000.0,2000000.0,238500.0,4200.0,9100.0
295,simpleputin,–ü—Ä–æ—Å—Ç–æ –ü—É—Ç–∏–Ω,6000000.0,3100000.0,157900.0,10600.0,2200.0
296,chapaevva,—á–∞–ø–∞–µ–≤–∞,1900000.0,3800000.0,347700.0,2900.0,1700.0
297,lyna_com,lyna_com2000,4400000.0,3400000.0,451300.0,3000.0,1100.0
298,arigameplays,AriGameplays,19300000.0,2600000.0,444600.0,4500.0,915.0
299,tommyinnit,Tommy,11500000.0,1500000.0,432100.0,7600.0,1900.0
300,arigameplays,AriGameplays,19300000.0,2600000.0,444600.0,4500.0,915.0
301,tommyinnit,Tommy,11500000.0,1500000.0,432100.0,7600.0,1900.0
302,alexisomman,Alexis Omman,9200000.0,1600000.0,330000.0,5100.0,6500.0
303,samadhiza_,samadhiza,7400000.0,3700000.0,418300.0,2100.0,1800.0
304,joerauth_,Joe rauth,4900000.0,2900000.0,463000.0,1600.0,2900.0
305,danielarodrice,Daniela Rodrice,9900000.0,4200000.0,735700.0,1500.0,391.0
306,official_kep1er,Kep1er,3500000.0,1800000.0,395000.0,5500.0,2700.0
307,sucss.s,A√ßucena Guirra,9700000.0,2600000.0,468100.0,3000.0,1900.0
308,veydi_rush,veydi_rush,8000000.0,2900000.0,456800.0,2600.0,1800.0
309,davidsiwonchoi,ÏµúÏãúÏõê ‚Ä¢ Siwon Choi,1900000.0,1300000.0,314300.0,8600.0,5600.0
310,livvy,Olivia Dunne,5100000.0,2700000.0,316000.0,4900.0,1800.0
311,catherineealicia,catheez,1300000.0,2300000.0,306400.0,5900.0,2200.0
312,bonjee,Bonjee,1800000.0,1800000.0,382900.0,2500.0,5900.0
313,tuckercomedy,Tucker Reynolds,2000000.0,1600000.0,225200.0,2900.0,12700.0
314,jennifer_aplicano,Jennifer Apl√≠cano,1000000.0,2500000.0,248500.0,3700.0,5400.0
315,qonitcah,Qonitcah | Health Education,1400000.0,3100000.0,277500.0,4400.0,2000.0
316,carolcastromx,Carol Castro,9700000.0,3400000.0,564200.0,2400.0,508.0
317,vorostwins,vorostwins,2600000.0,2700000.0,344100.0,3800.0,2100.0
318,tiagodionisio,Tiago_Dionisio,5500000.0,2400000.0,227000.0,1100.0,8900.0
319,magic_daniell,Magic Daniell,9000000.0,4500000.0,503400.0,2000.0,427.0
320,3tl.team,3TL,1600000.0,4400000.0,380900.0,2700.0,493.0
321,nessaabarrett,Nessa Barrett,17900000.0,2800000.0,338200.0,3800.0,2000.0
322,saeemm2002,Samantha Ancheta,4099999.9999999995,1800000.0,396900.0,4000.0,3600.0
323,nate.dawg.com,Nate dawg,230200.0,2400000.0,434500.0,3300.0,1900.0
324,larissagloor,ùóüùóÆùóøùó∂ùòÄùòÄùóÆ ùóöùóπùóºùóºùóø,2600000.0,2900000.0,489400.0,2400.0,1300.0
325,xshueur,“ì·¥á·¥á ü…™…¥…¢,256600.00000000003,2400000.0,186000.0,0.0,11700.0
326,cleanpuppy,Chloe Cherry,1700000.0,3600000.0,617400.0,1700.0,612.0
327,tootymcnooty,TootyMcNooty,7300000.0,1500000.0,401100.0,2200.0,6400.0
328,miakhalifa,Mia K.,32500000.0,3700000.0,340300.0,3500.0,644.0
329,notraymodeli,Modeli,1900000.0,1800000.0,404300.0,2700.0,4300.0
330,axelwebber,Axel,4200000.0,2400000.0,544700.0,3400.0,522.0
331,baebyshaa,shalynne,324600.0,3000000.0,650300.0,1400.0,1200.0
332,momonatamada,Momona Tamada,3700000.0,2700000.0,489400.0,3300.0,473.0
333,nikkietutorials,nikkietutorials,5100000.0,4300000.0,536600.0,1200.0,987.0
334,spicyycam_,Spicy Cam,18200000.0,3500000.0,428100.0,3000.0,295.0
335,sa_ro01,saraüíú,3400000.0,3300000.0,265900.0,4600.0,1100.0
336,byniaromero,Nia Romero,10400000.0,4000000.0,531100.0,2000.0,291.0
337,_vqsngi.03_,Gh√©t m√¥n To√°n =))),87700.0,2600000.0,367500.0,3300.0,1800.0
338,oblomoffrecipe,oblomoffrecipe,5300000.0,3000000.0,271800.0,1200.0,4800.0
339,yg_treasure_tiktok,yg_treasure_official,3500000.0,1700000.0,355300.0,4100.0,4200.0
340,luq_music,LUQ_MUSIC,165700.0,2000000.0,237000.0,5900.0,4300.0
341,bradtheboxer,Just brad,2000000.0,2500000.0,216700.0,3600.0,5300.0
342,ftedooda,üõÑ,23500.0,1200000.0,219400.0,2800.0,16400.0
343,kurtisconner,kurtis conner,1800000.0,2200000.0,465800.0,3100.0,1500.0
344,maskrayy1,maskrayy1,4500000.0,7000000.0,280900.0,1200.0,1200.0
345,babybella777,Bella Hadid,4400000.0,3000000.0,504500.0,2600.0,614.0
346,trainee_a,Trainee A,2700000.0,1300000.0,384000.0,5300.0,4200.0
347,texasbushman,Texas BUSHMAN,1200000.0,2400000.0,242600.0,1500.0,6700.0
348,ugolord,‚öñÔ∏è The TikTok Attorney ‚öñÔ∏è,5300000.0,2800000.0,281000.0,5600.0,497.0
349,fedevigevani,Fede Vigevani,12600000.0,2700000.0,370400.0,4000.0,721.0
350,nam_patcharaporn,Namfon,656500.0,2200000.0,374000.0,3000.0,2600.0
351,endomarf,‚òª‚òÜEndoMarfa‚òÜ‚òª,517200.00000000006,1700000.0,516500.0,3400.0,2000.0
352,dasigantung,Dasi Gantung,5100000.0,3500000.0,497800.0,1500.0,1200.0
353,llucastorresg,Lucas Torres,831400.0,1500000.0,328500.0,4500.0,4900.0
354,bungalow_jonathan,Bungalow Jonathan,251200.0,1500000.0,116600.0,994.0,25100.0
355,.aidenbeaudry,.aidenbeaudry_official,483300.0,2000000.0,344800.0,3100.0,3500.0
356,cbum,Chris Bumstead,2000000.0,2000000.0,389100.0,2600.0,3200.0
357,rebeccazamolo,rebecca zamolo,16800000.0,2300000.0,233900.0,7900.0,701.0
358,farrelhkeem,FAüßõ,179100.0,1800000.0,292900.0,2100.0,6400.0
359,cellat36,cellat36,8199999.999999999,2400000.0,212300.0,6400.0,2400.0
360,clexxd,clexxd,8900000.0,2400000.0,227300.0,8100.0,118.0
361,yodeege,Deege,905900.0,2300000.0,366900.0,1900.0,3500.0
362,brentrivera,Brent Rivera,42800000.0,2600000.0,492800.0,3000.0,433.0
363,herranwalt,Herr Anwalt,5300000.0,2200000.0,302700.0,3800.0,3000.0
364,europaleague,Europa League,2100000.0,2800000.0,346800.0,2000.0,2500.0
365,danivallem,Dani Valle,3900000.0,1600000.0,130500.0,1100.0,19900.0
366,nourmar5,nourmar5,14300000.0,1300000.0,145900.0,13000.0,10100.0
367,nada_m7amed,ÿØŸàÿØÿßü¶πüèªü§ç,5800000.0,3400000.0,281200.0,2300.0,2300.0
368,ox_zung,ÏõêÏ†ïÎß® WonJeong,41100000.0,2800000.0,399400.0,3200.0,727.0
369,thor.aya,Thoraya Maronesy,1500000.0,2700000.0,468300.0,2100.0,1300.0
370,caocuongvu,caocuongvu,3400000.0,2900000.0,346000.0,3100.0,1300.0
371,renpc_,‚ú®Ren PC‚ú®,3200000.0,1700000.0,318000.0,2400.0,5600.0
372,julesleblanc,jules,18600000.0,2900000.0,657500.0,1800.0,516.0
373,alexhook2303,–ê–ª–µ–∫—Å–∞–Ω–¥—Ä,4300000.0,1300000.0,253600.0,10800.0,2300.0
374,laurahfritz,laura & lena,2500000.0,2200000.0,400800.0,1500.0,3300.0
375,corvii_ff,EL CORVII üç≠,10500000.0,2500000.0,427700.0,3800.0,215.0
376,gabimfmoura,Gabriela Moura,7700000.0,2600000.0,381300.0,1900.0,2400.0
377,bottleofdjinn,HIM,706300.0,2800000.0,582700.0,1600.0,1100.0
378,mohmadtra,ÿ™ÿ±ŸÅŸàŸÑÿ™ÿß,1800000.0,4400000.0,304700.0,2000.0,1200.0
379,respectme90,Football  ‚öΩÔ∏è —Ñ—É—Ç–±–æ–ª,658100.0,2000000.0,243100.0,3700.0,5000.0
380,soycintiacossio,Cintia Cossio,4099999.9999999995,5700000.0,480000.0,702.0,838.0
381,thegoodhype,Goodlin Siblings,1700000.0,2500000.0,443500.0,1600.0,2200.0
382,carolvillanes,Carol Villanes,4099999.9999999995,1800000.0,312300.0,7000.0,458.0
383,just_jenoah_,Jenoah Santiago,1400000.0,2400000.0,488500.0,1500.0,2000.0
384,datdo0803,ƒê·ªó ƒê·∫°t,6500000.0,4600000.0,368800.0,1700.0,732.0
385,robgronkowski,gronk,2400000.0,2400000.0,332000.0,1700.0,3500.0
386,___nicoichi___,NICO„ÄêÂπ≥Êàê„Éï„É©„Éü„É≥„Ç¥„Äë,1300000.0,2700000.0,288900.0,3200.0,2100.0
387,pablitocastilloo,pablitocastilloo,4500000.0,1800000.0,225600.0,1400.0,9000.0
388,iamjonathanpeter,Jonathan Peter,12700000.0,3200000.0,379000.0,999.0,2400.0
389,meowlife7,Cats is life,876400.0,2300000.0,311500.0,1600.0,4100.0
390,pimpiriya1,PIM PIRIYA,1300000.0,2900000.0,567900.0,1200.0,1300.0
391,ferchugimenez,Fernanda,4300000.0,3300000.0,456500.0,1400.0,1300.0
392,homm9k,–•–û–ú–Ø–ö,39000000.0,2800000.0,385800.0,3000.0,752.0
393,mndiaye_97,mndiaye_97,14200000.0,2200000.0,411900.0,2300.0,2200.0
394,linatejeiro8,Lina Tejeiro,4000000.0,4000000.0,295900.0,992.0,2400.0
395,www.m4th.com,math!eu,6900.0,1300000.0,309200.0,6500.0,3500.0
396,dovecameron,Dove Cameron,9000000.0,1800000.0,380500.0,4500.0,1300.0
397,sjbleau,SJ,12300000.0,3600000.0,420300.0,1700.0,914.0
398,ginescorreguela,Gin√©s correguela,776400.0,2800000.0,140500.0,2600.0,7700.0
399,mrzeooficial,MR ZEO üá©üá¥,16100000.000000002,2000000.0,251100.0,2000.0,5900.0
400,stellajero16,Vester Ajero,1200000.0,1100000.0,265700.0,10900.0,2500.0
401,teokun711abc,„ÉÜ„Ç™„Åè„Çì@Âπ∏„ÅõËÄÖ,1200000.0,2800000.0,317600.0,1800.0,2600.0
402,ajo.ozil,ùôÜùô™ùôßùô£ùôûùôñ van ùôÇùô™ùô®ùô¢ùôñùô£,900000.0,6400000.0,250800.0,825.0,1600.0
403,mr_paul.boy,"–ü–∞—É–ª, –ª–∏–±–æ –ø—Ä–æ—Å—Ç–æ –ü–∞—à–∞",7200000.0,2200000.0,426000.0,3000.0,1100.0
404,rblx.dreyzon,ü§ç –î–†–≠–ô–ó–û–ù ‚Ä¢ –†–û–ë–õ–û–ö–° ü§ç,1300000.0,1900000.0,234000.0,7400.0,1200.0
405,mattiastanga,Mattia Stanga,2300000.0,1600000.0,242400.0,1300.0,8600.0
406,hannahbahng,hannahbahng,1900000.0,1500000.0,471300.0,4100.0,1300.0
407,haositofficial,HaositOfficial,1200000.0,1700000.0,344600.0,5600.0,936.0
408,kdramas_klis,‚ú®KLIS‚ú®,860300.0,2800000.0,368500.0,1400.0,2300.0
409,mhc_f_f,‚úß‚òΩ ùíπ ùìá ùëí ùí∂ ùìÇ ùíæ ùìÉ ùëî ‚òæ‚úß,1100000.0,1700000.0,269900.0,1400.0,7000.0
410,yurielkysojeda,Yurielkys Ojeda,12200000.0,4000000.0,481000.0,1300.0,667.0
411,elsalsely00,ü•á ÿßŸÑÿ≥ŸÑÿ≥ŸäŸÑŸä ü•á,4300000.0,4600000.0,177200.0,612.0,4000.0
412,mayanelsayed,Mayan El Sayed,3500000.0,4400000.0,263500.0,1200.0,2100.0
413,wasyanka,–í–∞—Å–∏–ª–∏–π,2500000.0,1700000.0,124000.0,1000.0,16800.0
414,vidhia_r,Vidhi_R,4400000.0,2700000.0,290600.0,3200.0,1600.0
415,com.yamato0515,„Äê„Ç≥„É†„Éâ„ÉÉ„Éà„Äë„ÇÑ„Åæ„Å®,1700000.0,2000000.0,271000.0,4900.0,1900.0
416,kaylamalecc,kayla,6600000.0,2200000.0,363100.0,4400.0,267.0
417,munchieslab,Mart√≠n,2700000.0,2400000.0,180500.0,796.0,7600.0
418,albert_cancook,Albert Niazhvinski,4000000.0,4200000.0,403400.0,1400.0,712.0
419,juaniquilador,JuanSGuarnizo,8600000.0,2000000.0,452200.0,1600.0,2500.0
420,cerenyaldz,Ceren Yaldƒ±z,9200000.0,2200000.0,164500.0,8500.0,1300.0
421,thedannyphantom,danny,80100.0,1900000.0,177100.0,7800.0,2700.0
422,cindylauw,CindyLauw,148600.0,2200000.0,323900.0,4500.0,439.0
423,gehadhassann,Gehad hassanüë∏üèª,7300000.0,1400000.0,177000.0,3500.0,10700.0
424,dudamaryah,dudamaryah,4099999.9999999995,3000000.0,340700.0,2000.0,1400.0
425,the.revival,Revival,392800.0,2200000.0,283800.0,1200.0,4400.0
426,gavinmagnus,GavinMagnus,5200000.0,2000000.0,254900.0,6400.0,412.0
427,ermmm.umm,user569215425698,2100.0,1900000.0,254500.0,2300.0,4800.0
428,thegerbers_,üß°–ú–∞—à–∞ –∏ –†–æ–±–µ—Ä—Çüß°,5300000.0,3700000.0,375300.0,2100.0,344.0
429,hiagodosvideos,Hiago Marques,1200000.0,2600000.0,365400.0,2000.0,1600.0
430,andweaso,Andrea,5900000.0,3000000.0,542100.0,1200.0,884.0
431,luisvelody,Luis Velody,6200000.0,3300000.0,459900.0,910.0,1300.0
432,yoshi30244781481,„Å´„Å£„Åó„Éº,3900000.0,4000000.0,409600.0,1200.0,837.0
433,the_joe_gatto,joe_gatto,6500000.0,2900000.0,247700.0,1400.0,3200.0
434,frankielapenna,Frankie LaPenna,1800000.0,4900000.0,411700.0,735.0,943.0
435,.diana__tc,Diana TC,2900000.0,3200000.0,348700.0,1900.0,1100.0
436,matsudake,M2DK/„Éû„ÉÑ„ÉÄÂÆ∂„ÅÆÊó•Â∏∏,4700000.0,8100000.0,199800.0,1200.0,833.0
437,anokhinalz,–ênokhina Liza,35600000.0,2800000.0,374000.0,2800.0,379.0
438,mranto,Anto Garcia,8199999.999999999,6500000.0,274700.0,1300.0,570.0
439,iheartmemphis,iHeartMemphisüî•,12500000.0,4300000.0,260200.0,2300.0,687.0
440,sobrevivente13,Edelson Ribeiro,4099999.9999999995,2200000.0,188300.0,1700.0,6200.0
441,pam_a_cake,Pam,4099999.9999999995,3500000.0,487400.0,1600.0,334.0
442,ardkth,ùêäùê¢ùê¶ ùêÄùêëùêù,1300000.0,1100000.0,350400.0,2000.0,6500.0
443,cemresolmaz,cemre solmaz,10200000.0,2200000.0,180900.0,7200.0,976.0
444,philipdefranco,Philip DeFranco,1900000.0,2500000.0,319200.0,2800.0,1300.0
445,otakoyakisoba,otakoyakisoba,14100000.0,2800000.0,278800.0,1800.0,2300.0
446,freeritzyralph,Ritzyralph,1400000.0,1500000.0,375400.0,3300.0,2400.0
447,jhothsa,jhothsa,12300000.0,1700000.0,224700.0,1700.0,6700.0
448,icebox,icebox,6200000.0,3000000.0,277200.0,3300.0,517.0
449,tatiana1964_2,–¢–∞—Ç—å—è–Ω–∞,31000.0,1700000.0,12400.0,207.0,151800.0
450,nmixx_official,NMIXX,1100000.0,1600000.0,318500.0,4200.0,2100.0
451,bmbsh7,ÿ®ŸÖÿ®ÿ¥ ÿßŸÑÿ≥ŸäÿØ‚ô¶Ô∏èbimbsh‚ô¶Ô∏è,3800000.0,1800000.0,289500.0,3800.0,2300.0
452,jackjos3ph,Jack Joseph,2400000.0,1400000.0,246300.0,3500.0,5700.0
453,bikedasher,Patrick,2200000.0,3300000.0,370400.0,2200.0,427.0
454,benjikrol,Benji Krol,30300000.0,2400000.0,338900.0,3400.0,488.0
455,djmariio,DjMaRiiO,983800.0,2200000.0,329200.0,1300.0,3000.0
456,reeh__augusto,Reeh Augusto,3700000.0,2100000.0,371800.0,2500.0,1600.0
457,onlyjayus,Bella Avila,17600000.0,2300000.0,344700.0,2600.0,1300.0
458,sabrinacarpenter,Sabrina Carpenter,12000000.0,2200000.0,298800.0,2800.0,1900.0
459,barbaracoura,B√°rbara Coura,8000000.0,2400000.0,384300.0,2200.0,1200.0
460,ngikuttrendaja,Ahmad Rizki,192800.0,3700000.0,304500.0,1500.0,1200.0
461,rayssabuq,Rayssa Buq,5400000.0,1800000.0,326800.0,2600.0,2600.0
462,olisboa,LISBOA,612000.0,3000000.0,505000.0,944.0,1100.0
463,mimiermakeup,Mirta Miler,14500000.0,2700000.0,448600.0,2200.0,367.0
464,verycooll_real,Very Cool,1400000.0,3100000.0,234500.0,1300.0,3000.0
465,just.hamilton,Just Hamilton,2300000.0,1700000.0,271600.0,2900.0,3900.0
466,michou_yt,Michou,6700000.0,3600000.0,256399.99999999997,2800.0,456.0
467,gregisms,Gregisms‚Äô Neighborhood,2200000.0,975500.0,168000.0,6700.0,11600.0
468,butt.erhand,Lucie,176400.0,2200000.0,201500.0,514.0,6200.0
469,gbandme,GB and ME,5700000.0,1600000.0,250100.0,4800.0,2700.0
470,fransfaisal_real,frans faisal,272900.0,2500000.0,278800.0,3300.0,926.0
471,officialjellyroll,Jelly Roll,2400000.0,2300000.0,290800.0,2600.0,1800.0
472,lossiblings_,Lossiblingsüç≠,23600000.0,2800000.0,396900.0,1800.0,863.0
473,davidgetial,deivis,13300000.0,3200000.0,439400.0,1800.0,302.0
474,zodiac.boyfriend,Zodiac Boyfriendü™êüîÆ,1600000.0,1600000.0,219700.0,3600.0,4700.0
475,michellerenaud,Michelle Renaud,2300000.0,4200000.0,357800.0,1100.0,801.0
476,kelvin__silvaa,Kelvin__silvaaa,3400000.0,2000000.0,163600.0,1100.0,7700.0
477,user4350486101671,user4350486101671,16200000.0,1600000.0,302300.0,4700.0,1300.0
478,jeison_giraldo,JeisonGiraldo,24600000.0,3400000.0,426500.0,1700.0,300.0
479,chrisdelia,ChrisDElia,1700000.0,1800000.0,268500.0,643.0,5500.0
480,lightskinkeisha,LightSkinKeisha,1900000.0,2000000.0,303200.0,1200.0,3500.0
481,larasilvan,Tik Toker,15900000.0,1800000.0,351300.0,3400.0,1100.0
482,la_lerma,LERMITA,11600000.0,2700000.0,354300.0,1200.0,1800.0
483,duolingo,Duolingo,3400000.0,1500000.0,281100.0,4500.0,2300.0
484,danythegaggio,Daniele Cabras,2700000.0,1400000.0,214200.0,1700.0,7800.0
485,dari_wadha_home,Dari_wadha_home,1400000.0,2900000.0,182100.0,2400.0,2900.0
486,pkllipe,Pk,16500000.0,2200000.0,383900.0,1600.0,1800.0
487,aloserishere_,ùôáùô§ùô®ùôöùôß.,159400.0,1100000.0,165500.0,6600.0,8800.0
488,olivertree,Oliver Tree,12500000.0,3000000.0,324100.0,1800.0,1100.0
489,lonely.moods,:),354500.0,815500.0,214000.0,5400.0,10600.0
490,jessnolimit999,Jess No Limit,5300000.0,2700000.0,264700.0,3100.0,877.0
491,sooshimango,Sooshi Mango,483400.0,1100000.0,100700.0,3500.0,21700.0
492,spider_slack,spider_slack,31600000.0,2600000.0,314300.0,1700.0,1700.0
493,realmadrid,Real Madrid C.F.,11700000.0,2100000.0,300500.0,3000.0,1500.0
494,leanadeeb,Leana Deeb,4200000.0,2600000.0,426900.0,1000.0,1500.0
495,jonathanbecerraoficial,Jonathan Becerra,1200000.0,2300000.0,173400.0,1500.0,5500.0
496,officialturk,Officialturk,26100.0,1100000.0,237000.0,7500.0,3400.0
497,isabuenox,Isabelle Bueno,2800000.0,1900000.0,410400.0,2500.0,1000.0
498,peachypollo,Emillee,1400000.0,2300000.0,480600.0,749.0,1700.0
499,monabouchon_,Monabouchon,139100.0,1500000.0,127600.0,468.0,13700.0
500,monabouchon_,Monabouchon,139100.0,1500000.0,127600.0,468.0,13700.0
501,reymbayang,Rey,3300000.0,2300000.0,273300.0,1900.0,2400.0
502,noahbeck,noah beck,32799999.999999996,2900000.0,342700.0,2300.0,439.0
503,limaunipisofficial,limaunipisofficial,602600.0,1500000.0,107700.0,1300.0,15400.0
504,therealhammytv,TheRealHammyTV,13300000.0,3700000.0,156500.0,884.0,3800.0
505,matheusevitoriaofc,Matheus e Vitoria,6900000.0,2000000.0,317900.0,2200.0,2000.0
506,7iprast,ùó∂ùó°ùó¶ùó¢ùó†,3600000.0,1700000.0,163500.0,1100.0,8600.0
507,oli_natu,Oli Natu,7900000.0,2900000.0,408300.0,1200.0,1100.0
508,sebbylaz,Seb Laz,4099999.9999999995,1800000.0,238600.0,5500.0,894.0
509,r___.89,ùëÄùëñùë†ùë°ùëíùëü ùëÖùëíùëíùëöùëé üòæ‚ú®.,3500000.0,1800000.0,299800.0,3800.0,1300.0
510,anwar,Anwar Jibawi,11700000.0,2500000.0,275900.0,1300.0,2500.0
511,blake.snider,Blake Snider,4600.0,2800000.0,150700.0,967.0,5500.0
512,alejwho,Alejandro,983500.0,1500000.0,279100.0,2500.0,4100.0
513,anitta,Anitta,17200000.0,3800000.0,263400.0,1600.0,1000.0
514,tangychu,–¢–∞–Ω–≥–∏ —à—Ç–æ–ª–µ,20900.0,1300000.0,259399.99999999997,2100.0,5700.0
515,newt,newt,9400000.0,2300000.0,378500.0,1400.0,1600.0
516,brookemonk_,Brooke Monk,19000000.0,2700000.0,339600.0,2000.0,867.0
517,psg,psg,25300000.0,2700000.0,319200.0,2200.0,777.0
518,roy.0fficial,Roy.official,290800.0,1200000.0,108400.0,432.0,19600.0
519,nicollefigueroaa,Nicolle Figueroa,9600000.0,2500000.0,343000.0,2500.0,546.0
520,ucgj7,‚òùÔ∏è–ë–∏–ø–æ–ª—è—Ä–æ—á–∫–∞üëÜ,1500000.0,1800000.0,179800.0,6200.0,1800.0
521,startup.mp4,startup.mp4,98000.0,944300.0,246600.0,4700.0,6400.0
522,beca,Rebeca Barreto,21900000.0,2300000.0,297700.0,3000.0,819.0
523,glebpiano,–ì–ª–µ–± –ü—å—è–Ω—ã—Ö,457300.0,3000000.0,75000.0,3100.0,8400.0
524,emilyfauver,emily&ella,3300000.0,2500000.0,377900.0,1300.0,1500.0
525,mikaylanogueira,Mikayla Nogueira,11200000.0,2200000.0,323800.0,3000.0,657.0
526,ivanovik.83,ivanovik.1983,172700.0,2300000.0,91500.0,1100.0,11100.0
527,francis.bourgeois,Francis Bourgeois,2300000.0,2000000.0,193000.0,1600.0,5000.0
528,kaan.etm,Kaan,2600000.0,2000000.0,358400.0,2800.0,807.0
529,ramonvitor,ramonvitor,2200000.0,1800000.0,397900.0,2500.0,1100.0
530,imreddtv,REDD,883100.0,3200000.0,190800.0,1200.0,3100.0
531,scarlettsspam2,scarlett,1100000.0,2200000.0,204700.0,4500.0,1200.0
532,siscakohl,Sisca Kohl,10400000.0,2600000.0,306500.0,2200.0,986.0
533,_andrewcurtiss,Andrew Curtis,2400000.0,1300000.0,274000.0,4800.0,2500.0
534,_xndirizlky_,_xndi rizlky_,11500.0,3700000.0,166500.0,2200.0,1800.0
535,kingmajesty_princessrose,Nelson and Rose,155000.0,1600000.0,109600.0,1300.0,13000.0
536,serchexmx,Serchex,123100.0,1400000.0,265000.0,2900.0,3700.0
537,hoaminzy_hoadambut,Ho√† Minzy,4000000.0,3200000.0,345000.0,1800.0,423.0
538,samsung_guy,Callum,117500.0,1800000.0,237200.0,4900.0,850.0
539,arbooks__,Arbooks,392100.0,2100000.0,223800.0,2600.0,2600.0
540,eduincaz5,Eduin Caz,5200000.0,2800000.0,278700.0,1200.0,1900.0
541,agigigrigio,Giovanna Grigio,2000000.0,3600000.0,325000.0,1700.0,407.0
542,kienreview90,Kien Review,9800000.0,4500000.0,254100.0,1300.0,850.0
543,kallmewhateveryouwant,kallmewhateveryouwant,10900000.0,1800000.0,342300.0,3200.0,744.0
544,kopke613,kopke613,3600000.0,1100000.0,141800.0,2200.0,13200.0
545,colewherld,colegonzales,4900000.0,2100000.0,297200.0,696.0,3200.0
546,zloinvfx,Stanislav Anisimov,135800.0,3300000.0,172600.0,899.0,3300.0
547,yordy_yor,Yordy_Yor,1200000.0,3800000.0,146200.0,3700.0,671.0
548,countingshleeps,blake,2100000.0,1700000.0,265600.0,2800.0,2600.0
549,jasminechiswell,Jasmine Chiswell,15200000.0,3400000.0,404400.0,1500.0,212.0
550,fjerry,FJerry,3000000.0,1400000.0,109500.0,3000.0,12600.0
551,roportajadam,Mahsun Karaca,930100.0,2700000.0,157000.0,564.0,5100.0
552,outtpig,Cameron Perez,1600000.0,1500000.0,350200.0,2200.0,2300.0
553,qpark,Q Park,30200000.0,3200000.0,216000.0,1600.0,1800.0
554,andcarli,Anderson Carli,6000000.0,4400000.0,234000.0,1800.0,500.0
555,mitzakoff,lucasmitzakoff,1900000.0,1300000.0,270300.0,2400.0,4200.0
556,itsjojosiwa,JoJo Siwa,40700000.0,3000000.0,370200.0,1700.0,383.0
557,good.boy.ollie,Good Boy Ollie,2800000.0,2100000.0,344300.0,1100.0,2100.0
558,alaa.ayyman,ALaa Ayman,8199999.999999999,3700000.0,364600.0,820.0,935.0
559,jj_olatunji4,üá¨üáßüá¨üáßüá¨üáß,1600000.0,2300000.0,334600.0,591.0,2400.0
560,leaelui,Lea Elui,17000000.0,2800000.0,375900.0,1100.0,1200.0
561,innkastar,Innkastar,11600000.0,2600000.0,193500.0,4000.0,666.0
562,anilinom,anilinom,11800000.0,10600000.0,136800.0,441.0,1200.0
563,mileshampton,WilsonsHouse,140300.0,1300000.0,299300.0,2400.0,3500.0
564,mastercorbuzier,Deddy Corbuzier,2100000.0,3000000.0,215600.0,2800.0,791.0
565,djraulitooficial,Dj Raulito,605300.0,3300000.0,167000.0,715.0,3500.0
566,brandonspam_,Brandon Conner,7300000.0,2200000.0,281700.0,3200.0,558.0
567,paulaverhoeven,Paula Verhoeven,997500.0,4900000.0,232700.0,1100.0,946.0
568,madisonpettis,Madison Pettis,2600000.0,2900000.0,493500.0,1000.0,603.0
569,arianagrande,arianagrande,26600000.0,1400000.0,333900.0,3900.0,963.0
570,vekalife24,vekalife,2400000.0,1500000.0,116200.0,459.0,12600.0
571,westbrouck,Mattie,8600000.0,1900000.0,423100.0,2200.0,655.0
572,the.big.mike,The Big Mike,71500.0,1500000.0,176800.0,4200.0,4000.0
573,.mats.ftl,‚ù§Ô∏è‚Äçüî•–õ—ë—à–∞ –ú—ç—Ç—Å‚ù§Ô∏è‚Äçüî•,6700.0,1700000.0,210200.0,1700.0,4600.0
574,bilalfadilii,Bilal Fadili,958400.0,1800000.0,210400.0,2300.0,3700.0
575,jaydafnwayda,JAYDA WAYDA,3200000.0,2200000.0,333400.0,1200.0,1900.0
576,vzelivx,vzelivx,731300.0,2100000.0,271200.0,2600.0,1300.0
577,benoit_chevalier,Beno√Æt Chevalier,8700000.0,1700000.0,180900.0,3100.0,4200.0
578,ninogashi,NinoGashi,1300000.0,1800000.0,179700.0,3200.0,3700.0
579,twice_tiktok_official,TWICE,13900000.0,1200000.0,223800.0,6500.0,1800.0
580,beniju03,BENIJU,2200000.0,1600000.0,304800.0,3800.0,716.0
581,chourouk.model_official,Chourouk_model_official,4400000.0,3200000.0,270500.0,897.0,1700.0
582,shabiraalulaadnan,Shabiraalula&Ayah,5100000.0,3200000.0,256399.99999999997,1500.0,1200.0
583,ryskalamarcysia,ryskalamarcysia,1800000.0,3100000.0,360900.0,1600.0,403.0
584,namyulenka,Namy,6000000.0,2000000.0,366200.0,2100.0,901.0
585,tu.terapeuta.en.tiktok,Leandro Olszanski,1600000.0,1600000.0,328500.0,1900.0,2300.0
586,devincaherly,Devin Caherly,6900000.0,3600000.0,406600.0,1300.0,213.0
587,itsmatheuscosta,Matheus Costa,4300000.0,2100000.0,235300.0,1700.0,2800.0
588,virguleanimaleshow,VirguleAnimaleShow,850000.0,1200000.0,190800.0,1800.0,7700.0
589,vtkh2004,V≈© Th·ªã Kh√°nh Huy·ªÅn,7700000.0,2600000.0,321400.0,2000.0,588.0
590,mateuspesce,Pesce,5700000.0,1700000.0,254900.0,2000.0,3000.0
591,how.kev.eats,how.kev.eats,1800000.0,2500000.0,323000.0,1800.0,926.0
592,zubarefff,–ó—É–±–∞—Ä–µ–≤ –ê–ª–µ–∫—Å–∞–Ω–¥—Ä,2900000.0,2000000.0,300100.0,1700.0,1900.0
593,vancityreynolds,Ryan Reynolds,19700000.0,2300000.0,282800.0,1600.0,1700.0
594,clecolucci,Cl√© Colucci,2900000.0,935100.0,165000.0,9400.0,4500.0
595,mr.v1bez,MR.VIBEZ,853000.0,1400000.0,364200.0,1900.0,2300.0
596,nosoychaparro,Luis Chaparro,2800000.0,2100000.0,360300.0,2500.0,320.0
597,lilyxgarcia,Lily Garcia,8900000.0,1800000.0,418200.0,1900.0,906.0
598,juanpazurita,Juanpa Zurita,12800000.0,3300000.0,397700.0,804.0,782.0
599,juandaniel.ibarra,Daniel Ibarra,26600000.0,3300000.0,353700.0,1400.0,406.0
600,juandaniel.ibarra,Daniel Ibarra,26600000.0,3300000.0,353700.0,1400.0,406.0
601,maddiebools,Maddie,52900.0,1700000.0,99600.0,3600.0,8900.0
602,abir.sag,Abir e sag,11000000.0,2500000.0,176900.0,2900.0,1700.0
603,lexychaplin,Lexy,3000000.0,2000000.0,308200.0,2700.0,595.0
604,mich_gzl,Michelle Gonz√°lez,538300.0,3100000.0,220600.0,730.0,2200.0
605,more.annapaul,More Anna,1500000.0,2700000.0,447800.0,1300.0,418.0
606,ktlynraps,Ktlyn,1900000.0,2100000.0,226700.0,2000.0,2300.0
607,yano4kaa.aaa,Yano4kaa.aa,3000000.0,1700000.0,267100.0,2200.0,2300.0
608,baga..genius,–ú–æ–ª–æ–¥–æ–π –ì–µ–Ω–∏–π,721600.0,1900000.0,279700.0,1700.0,2200.0
609,lelepons,Lele Pons,26800000.0,2200000.0,307400.0,1900.0,1100.0
610,n.vv3,ŸÜÿßÿµÿ± || üá∏üá¶ alsubaie ..,1900000.0,3300000.0,158000.0,3200.0,642.0
611,flakeysalt,Joshua weissman,6200000.0,2500000.0,352900.0,664.0,1600.0
612,kikakiim,Kika Kim,29500000.0,2200000.0,296000.0,2200.0,918.0
613,emilymariko,Emily Mariko,10100000.0,3000000.0,321700.0,1300.0,766.0
614,milos.guzel,Milos,4800000.0,1900000.0,425500.0,1700.0,774.0
615,hashbrotatoes,H&SH Brotatoes,390100.0,2200000.0,342600.0,1400.0,1300.0
616,diana_aster,üíó DIANA ASTER üíó,10400000.0,2700000.0,337400.0,1800.0,417.0
617,gabrielabee,GABI BEE,9300000.0,1200000.0,248000.0,5500.0,1200.0
618,igorjansen,igorjansen,10600000.0,2200000.0,275700.0,2400.0,953.0
619,ifluent,iFluent,2800000.0,1600000.0,174500.0,4000.0,3100.0
620,mateus_hwang,Mateus Hwang,1900000.0,2100000.0,139600.0,5700.0,1200.0
621,taimmm8,888,1000000.0,2000000.0,318800.0,1500.0,1600.0
622,mandrake1984real,Giuseppe Mandrake Ninno,883800.0,1400000.0,180400.0,982.0,7000.0
623,lisav_,–Ω—É –ª–∏–∑,1900000.0,1900000.0,370700.0,1300.0,1400.0
624,chadio,Chad Epps ü¶í,6900000.0,1500000.0,240400.0,3600.0,1700.0
625,rachyohumlek,‡∏£‡∏±‡∏ä‡πÇ‡∏¢‡∏ï‡∏±‡∏ß‡∏õ‡∏•‡∏≠‡∏°‡∏ô‡∏≠‡∏Å‡∏ô‡∏±‡πâ‡∏ô‡∏à‡∏£‡∏¥‡∏á‡∏´‡∏°‡∏î,1600000.0,4099999.9999999995,349700.0,951.0,397.0
626,aiki_kr,ÏïÑÏù¥ÌÇ§ Aiki,1800000.0,1700000.0,363200.0,2000.0,1100.0
627,itsmenicksmithy,Nick Smithyman ü§ì,6400000.0,1500000.0,265000.0,3100.0,1900.0
628,alexiatamiraa,üçìAlexia Tamiraüçì,7500000.0,2300000.0,312000.0,2200.0,479.0
629,v1ctoryuh3.0,sexy lady,1600000.0,1600000.0,303100.0,1700.0,2200.0
630,taavmaki,Taav,686900.0,1300000.0,217200.0,2700.0,4000.0
631,esnyrdump,esnyrdump,603800.0,1800000.0,271600.0,2200.0,1900.0
632,andersonprofetaa,Anderson Profeta,2500000.0,1200000.0,151700.0,2200.0,8200.0
633,jason.nms,Jayway,652600.0,1500000.0,254900.0,2400.0,2500.0
634,cassholland,Cassie Holland,1500000.0,2000000.0,381900.0,1500.0,917.0
635,pokrov,–ê–ù–Ø –ü–û–ö–†–û–íü•ë,16300000.0,2200000.0,287600.0,2100.0,895.0
636,rhyadmuslim,Rhyad ‚òùÔ∏è,344000.0,1000000.0,222200.0,2400.0,5800.0
637,bretmanrock,bretmanrock,14000000.0,2600000.0,361800.0,1500.0,492.0
638,alvesdudas,mari√™,855700.0,1400000.0,349900.0,2100.0,1800.0
639,monika.kociolek,Monika Kocio≈Çek,2600000.0,1200000.0,196800.0,6600.0,1300.0
640,sanae33359,San AE,1700000.0,2700000.0,224100.0,1200.0,1900.0
641,iben_ma,Iben M.A.,5600000.0,2500000.0,191800.0,3500.0,455.0
642,fes.ti_,festi,1200000.0,1200000.0,264100.0,3600.0,2300.0
643,imanthonyvargas,Anthony Vargas,6500000.0,1900000.0,341400.0,2600.0,268.0
644,wicsur,‚ô•Ô∏è–ë–ò–°–ö–ê–°‚ô•Ô∏è,7000000.0,1600000.0,126500.0,8900.0,248.0
645,sxmplyni,Simply Niüå±,1600000.0,2600000.0,248800.0,1400.0,1400.0
646,itsqcp,QCP,9400000.0,2500000.0,371300.0,1100.0,888.0
647,ssanwhere,hassan,369400.0,1300000.0,237800.0,3100.0,3100.0
648,lizzebethmuaa,Lizzebethmuaa,3600000.0,3600000.0,357100.0,721.0,705.0
649,crispy,Crispy Concords,1200000.0,2900000.0,400000.0,986.0,593.0
650,blythe,Andrea Brillantes,17300000.0,2300000.0,382500.0,1200.0,960.0
651,kmiloop,Kmilooo,796900.0,1200000.0,228200.0,1300.0,5600.0
652,ilhamputrayuda,Ilham Yuda,1600000.0,2800000.0,326300.0,1200.0,814.0
653,anyaischuk,Anya Ischuk,10500000.0,2700000.0,317200.0,1800.0,341.0
654,diegodiego_,Diego Cruz,7200000.0,2100000.0,258500.0,1800.0,1600.0
655,winnermaxyt,WinnerMax,1800000.0,2500000.0,220200.0,968.0,2300.0
656,rafaelsantos,Rafael Santos,16700000.0,1800000.0,289700.0,2700.0,736.0
657,lkzinhu,LK,14300000.0,2400000.0,346900.0,1200.0,998.0
658,mercuri_88,Manuel Mercuri,19000000.0,2700000.0,238700.0,1600.0,1200.0
659,saxcy,saxcy,747200.0,2600000.0,271500.0,1300.0,1300.0
660,mdmotivator,Zachery Dereniowski,6200000.0,2500000.0,357100.0,1400.0,599.0
661,c.tangana,C. Tangana,372100.0,4400000.0,200300.0,735.0,1300.0
662,nuhchez,Nuhchez,5700000.0,1700000.0,248500.0,2000.0,2200.0
663,mieayamthebstt,Unaaüçú,13000000.0,2400000.0,264700.0,2000.0,827.0
664,ayutingting,Ayu Ting Ting,5800000.0,2400000.0,176400.0,2100.0,2100.0
665,yailinlamasviraloficial_,Yailin La M√°s Viral,2800000.0,2500000.0,210000.0,3000.0,365.0
666,sehataqua,SehatAQUA,249300.0,23300000.0,67400.0,647.0,467.0
667,jordanemel,Jordan e Mel,8700000.0,2400000.0,183600.0,1000.0,3000.0
668,gingerbilly1,GingerBilly1,5700000.0,1100000.0,163700.0,954.0,8700.0
669,samkamusic,INSTASAMKA,12400000.0,1800000.0,227900.0,2700.0,1500.0
670,jaxwritessongs,Jax,8300000.000000001,1900000.0,220100.0,2800.0,1500.0
671,sthefane.matos,Sthefane Matos,5100000.0,3200000.0,261700.0,1400.0,603.0
672,son0_0,ÏÜêÏÉàÎ≤Ω,2700000.0,3900000.0,216800.0,1500.0,514.0
673,flickerspark_,flickerspark_,1200000.0,1700000.0,446700.0,1200.0,1100.0
674,kostyxd,Sergi Cabrer,2100000.0,2100000.0,290900.0,1700.0,1100.0
675,mahalinzi,Mahalini Raharja,655500.0,2700000.0,251900.0,1600.0,917.0
676,jesusangelperezoficial,üö® ESE P√âREZ üö®,3500000.0,1700000.0,186500.0,898.0,4600.0
677,tarankaaa,Dasha Taran,8000000.0,1700000.0,283400.0,2400.0,1000.0
678,its.michhh,Michel Chavez,28600000.0,2200000.0,340400.0,1900.0,369.0
679,aileenchristineee,Aileenchristineee,5600000.0,1700000.0,310000.0,1100.0,2100.0
680,mads.yo,Madison,12700000.0,3100000.0,322900.0,954.0,710.0
681,itstalasafwan,ÿ™ÿßŸÑÿß ÿµŸÅŸàÿßŸÜ | Tala Safwanüåµüë∏üèΩ,3700000.0,2100000.0,138200.0,5200.0,502.0
682,karenos11,ùêäùêöùê´ùêûùêß ùêéùê¨,6100000.0,2000000.0,367200.0,2000.0,242.0
683,jojohfsex,fullhyp3,1600000.0,1400000.0,262100.00000000003,2700.0,1800.0
684,nansartt,nansartt,1300000.0,2100000.0,422700.0,1400.0,456.0
685,aviranisha,Avira Nisha,3600000.0,2500000.0,310600.0,1800.0,344.0
686,03emergenxy,meyes not mayes,432500.0,3400000.0,215900.0,1700.0,561.0
687,nuun____,Nuun üçÇ,271800.0,651600.0,118100.0,1500.0,20000.0
688,iloveyourmomscatt,Ioveyourmomscatt,8200.0,1300000.0,159300.0,4900.0,3300.0
689,thongsoaicavip,Th√¥ng So√°i Ca,1600000.0,2700000.0,172000.0,2600.0,971.0
690,ivanantoniochacon,Tik Toker,7200000.0,1300000.0,461600.0,1900.0,806.0
691,jhekhoos,Jecus Andrei,3800000.0,1900000.0,235900.0,1300.0,2400.0
692,kimpeeee,Kim Lajara,5800000.0,3400000.0,298500.0,507.0,1100.0
693,birdsarentreal,Birds Aren‚Äôt Real,852800.0,1500000.0,263500.0,2400.0,1800.0
694,markoterzo,M A R K O,2500000.0,1800000.0,168700.0,4200.0,1200.0
695,nnatalieaguilar,natalie & the aguilars,4200000.0,2800000.0,373600.0,702.0,845.0
696,halinhofficial,Ha Linh Official,1000000.0,2600000.0,187300.0,2800.0,604.0
697,sosiadoneymar,Eigon Oliver,6000000.0,2500000.0,179900.0,1800.0,1800.0
698,saadradio,Saad,1700000.0,3400000.0,260200.0,1200.0,670.0
699,leleburnier,LEL√ä BURNIER,1400000.0,1400000.0,326000.0,2700.0,958.0
700,thelandofboggs,The Land Of Boggs,5200000.0,2600000.0,367700.0,857.0,829.0
701,yuna1_27,üêöYuna_Ïú†ÎÇòü§ç,2200000.0,1600000.0,291000.0,1400.0,2000.0
702,abaas_majid_,ÿπÿ®ÿßÿ≥ ŸÖÿßÿ¨ÿØ,2000000.0,2100000.0,206900.0,2200.0,1500.0
703,muhammetalisarii,Muhammet Ali Sarƒ±,264100.0,2900000.0,128400.0,1400.0,3000.0
704,theluciole,Luciole,955000.0,1700000.0,395200.0,2000.0,428.0
705,dafaatmja,Dafaatmja,9900000.0,2000000.0,162600.0,4100.0,856.0
706,pushistyk,VL,13300.0,1900000.0,272200.0,1600.0,1600.0
707,juliano,julianofloss,6700000.0,2100000.0,306700.0,1600.0,851.0
708,nicholas_crown,Nicholas Crown,1600000.0,2900000.0,490500.0,863.0,262.0
709,oipedrodaher,Pedro Daher,3100000.0,1100000.0,206600.0,1800.0,5100.0
710,jimena.jimenezr,Jimena,22800000.0,1700000.0,311700.0,1000.0,2000.0
711,mellacarli,Mella Carli,1700000.0,1400000.0,220500.0,2100.0,3000.0
712,viktoriya__bars,Viktoriya Bars,139700.0,1300000.0,56600.0,2200.0,19400.0
713,missmarymmouser,missmarymmouser,2900000.0,1900000.0,255500.0,2700.0,570.0
714,coleandersonj,Cole Anderson James,1500000.0,1600000.0,280500.0,1200.0,2300.0
715,pumbacaracal,PumbaCaracal,3500000.0,2100000.0,130900.0,3300.0,2600.0
716,the_green_car,The Green Car,168800.0,4300000.0,339800.0,662.0,417.0
717,providingforthecommunity,Russel Cameron,313600.0,1600000.0,114600.0,5500.0,3400.0
718,hannahstocking,Hannah Stocking,25900000.0,3000000.0,338400.0,967.0,582.0
719,pk.99999,PHUKLA,1200000.0,1500000.0,288200.0,1700.0,1900.0
720,lilchefmil,Milan Bhayana,861100.0,3000000.0,501100.0,678.0,367.0
721,jeremylynch,JeremyLynch,18600000.0,1700000.0,248000.0,2600.0,1200.0
722,ph1lzatiktok,Ph1LzA,2200000.0,980500.0,309200.0,4000.0,1100.0
723,jack_papho69,‡πÅ‡∏à‡πá‡∏Å ‡πÅ‡∏õ‡∏õ‡πÇ‡∏Æ,6300000.0,2800000.0,344100.0,766.0,862.0
724,cesarpantoja.n,Cesar Pantoja,12400000.0,2000000.0,305400.0,2200.0,317.0
725,yajanaaa,Yajana Cano,5000000.0,1500000.0,255300.0,767.0,3300.0
726,dilaraaduman,Dilara Duman,1900000.0,3400000.0,175800.0,653.0,2000.0
727,justinbieber,Justin Bieber,23600000.0,1700000.0,197500.0,3200.0,1400.0
728,lukedonkin,Luke Donkin,2300000.0,1500000.0,199000.0,2900.0,2300.0
729,alexxxxan,–∫–æ—Ç–∏–∫,1700000.0,1700000.0,307500.0,831.0,2100.0
730,monsieurpof,Monsieur Pof,2800000.0,1700000.0,340600.0,1800.0,938.0
731,dennnyn,DENII,3300000.0,1000000.0,136400.0,773.0,10500.0
732,lauratheux,Laura Theux,208300.0,3500000.0,234700.0,846.0,1000.0
733,com.hyuga1117,„Äê„Ç≥„É†„Éâ„ÉÉ„Éà„Äë „Å≤„ÇÖ„ÅÜ„Åå,995500.0,1200000.0,199800.0,4900.0,1500.0
734,robegrill,Roberto Morales,10200000.0,1900000.0,209500.0,1100.0,2700.0
735,emoglam,–µ–º–ægla–º,1500000.0,2700000.0,307300.0,1000.0,806.0
736,luvtheflex,taryn,1400000.0,1900000.0,156900.0,3800.0,1300.0
737,jombospice,JOMBOSPICE,7200000.0,2500000.0,239800.0,1900.0,617.0
738,rusuh_brooo,RUSUH BROOO,27500.0,840600.0,150800.0,1500.0,10400.0
739,shandyjuragan99,Shandyjuragan99,1100000.0,3000000.0,183500.0,1900.0,869.0
740,pjmxck,ùêÇùê°ùê¢ùê§ùêö‚Å∑,1000000.0,738700.0,263200.0,2700.0,5000.0
741,kamashrafi,kamran,48200.0,1200000.0,231600.0,2600.0,2800.0
742,najihmumtaz,Najih Mumtaz945,682300.0,1600000.0,93900.0,4500.0,5500.0
743,chelseahartisme,Chelsea Hart,1500000.0,3500000.0,138900.0,0.0,3100.0
744,gheayoubi08,Gheayoubi,7900000.0,3200000.0,171100.0,1200.0,1600.0
745,annaxsitar,anna x,11600000.0,3000000.0,461200.0,723.0,381.0
746,y.i.m_,–û—Ç–±–æ—Ä–Ω—ã–π —é–º–æ—Ä –∏ –∫–æ–º–µ–¥–∏—è üé≠,177500.0,1400000.0,121300.0,1200.0,7700.0
747,matsu_kusarine,„É©„Éñ„Éû„ÉÑ (LOVEMATSU),563900.0,2900000.0,186400.0,1800.0,1000.0
748,beinsports,beINSPORTS,1200000.0,1700000.0,213800.0,2200.0,1900.0
749,_mister_z,Marco Zedda,4500000.0,1600000.0,272200.0,2400.0,995.0
750,.shuberrr,–º–∞–∫—Å–æ–Ω—á–∏q,5800.0,2000000.0,152700.0,2100.0,2800.0
751,maharanikemala,maharanikemala,3200000.0,2500000.0,156200.0,1800.0,2000.0
752,analisseworld,Analisseworld,9900000.0,2100000.0,328900.0,967.0,1200.0
753,jairsanchezzz,Jair Sanchez,6200000.0,1300000.0,226900.0,1800.0,3500.0
754,machikayt,MachikaYT,12000000.0,1900000.0,291100.0,2200.0,558.0
755,michaelrendyw,Michael Rendy W,4600000.0,3900000.0,293600.0,740.0,558.0
756,dobretwins,Lucas and Marcus,35200000.0,1800000.0,221400.0,3300.0,498.0
757,swagboyq,SwagBoyQ on IG,23400000.0,3000000.0,216600.0,1400.0,858.0
758,xoomid,Xoomid,8200.0,1100000.0,135300.0,4200.0,5700.0
759,_nch04,ùêçùê†ùêÆùê≤ùêûÃÇÃÉùêß ùêáùêöÃâùê¢,4800000.0,2500000.0,209100.0,1400.0,1400.0
760,davidgalvanv,David Galv√°n,3900000.0,2600000.0,244200.0,1500.0,807.0
761,usernamepuntaktahu,CEO OF SEKOLAH,587700.0,2200000.0,293300.0,1700.0,595.0
762,primkung007,PRIMKUNG,2100000.0,1400000.0,259899.99999999997,3500.0,575.0
763,isabelgiannuzzi,Isabel,1100000.0,3500000.0,298100.0,1200.0,187.0
764,baileyspinn,bailey,11100000.0,2300000.0,296100.0,2000.0,137.0
765,summerwalker,Summer Walker,1600000.0,1100000.0,199200.0,3300.0,3300.0
766,huynh_quang_6767,Hu·ª≥nh Quang - B·∫£o Ng·ªçc,457600.0,2100000.0,185600.0,3400.0,337.0
767,bs_fo4eek,Fo4eek,36900.0,1900000.0,158800.0,2600.0,2100.0
768,carloandsarah,Carlo and sarah,3300000.0,2400000.0,188400.0,1200.0,1900.0
769,nadaakkhaledd,Nada khaled,2700000.0,2100000.0,275900.0,1300.0,1100.0
770,ups,UPS,92600.0,1200000.0,136700.0,2200.0,6300.0
771,ninja,Ninja,8300000.000000001,2300000.0,216200.0,1600.0,1400.0
772,attahalilintar,Atta Halilintar,10100000.0,2600000.0,288900.0,1300.0,661.0
773,nam.per,Nam Per,1600000.0,2500000.0,225000.0,1500.0,987.0
774,leal_stephany,Stephany Leal,13100000.0,1700000.0,351200.0,738.0,1600.0
775,lucaslopezvilet,Lucas Lopez,2400000.0,1300000.0,191400.0,1300.0,4500.0
776,vlad.hoshin,HOSHIN,11400000.0,1100000.0,250800.0,4100.0,1000.0
777,kauanahofem,Kau,7000000.0,1800000.0,262900.0,1800.0,1200.0
778,xolyssarosexo,Lyssa,60100.0,1600000.0,92600.0,8700.0,1100.0
779,joe.bartolozzi,Joe Bartolozzi,17800000.0,1500000.0,296700.0,2800.0,376.0
780,maxkhadarr,max khadar,1300000.0,1100000.0,197600.0,3000.0,3400.0
781,jacksonaces,JACKSON ACES MAGICüé©,6200000.0,1500000.0,93000.0,3000.0,6900.0
782,ninjagirldraws,Dania,3600000.0,1700000.0,147100.0,2000.0,3500.0
783,trien.13,TRI·ªÇN CHILL,491400.0,1300000.0,177100.0,3900.0,2100.0
784,connordewolfe,Connor DeWolfe,5300000.0,1100000.0,276000.0,1500.0,3000.0
785,loupernaut,Lou PERNAUT,1300000.0,2400000.0,280700.0,1800.0,198.0
786,bxyeditss,[panyo ni irene],419400.0,1100000.0,202500.0,2800.0,3400.0
787,totochegang,Anto,1400000.0,1400000.0,275400.0,1400.0,2300.0
788,luciiasanese,lu,30100.0,1200000.0,186900.0,2700.0,3600.0
789,nickandcarrie,Nick&Carrie,5600000.0,1900000.0,290500.0,1000.0,1500.0
790,juanchimy,Juan Lopez,2700000.0,1400000.0,325100.0,1700.0,1300.0
791,bene.schulz,Bene,5700000.0,2000000.0,254600.0,1600.0,1100.0
792,com.amugiri2,„Äê„Ç≥„É†„Éâ„ÉÉ„Éà„Äë„ÅÇ„ÇÄ„Åé„Çä,712300.0,1300000.0,200100.0,3800.0,1400.0
793,goldwin.reyes,GOLDWIN REYES,1500000.0,2500000.0,335300.0,964.0,659.0
794,lulu_pt,Lulu,299600.0,1900000.0,223900.0,921.0,2200.0
795,itskingchris,KingChristian,15300000.0,1400000.0,258600.00000000003,2200.0,1700.0
796,fahmi.nm,Fahmi,7600000.0,2200000.0,237400.0,1800.0,748.0
797,farhanrn__,FARHAN,3800000.0,1700000.0,281900.0,1800.0,1000.0
798,liltjay,Lil Tjay,4400000.0,1800000.0,221200.0,2700.0,775.0
799,vilmeijuga,VILMEI‚ú®,8400000.0,1700000.0,169200.0,3500.0,1100.0
800,faryanggaa,Ryann,4400000.0,1700000.0,272200.0,1900.0,1000.0
801,gordeewa__13,–≤–µ—á–Ω–æ –∏–∑—è—â–Ω–∞—è,9500000.0,2600000.0,214500.0,1800.0,604.0
802,fadiljaidi,Fadil Jaidi,7500000.0,2500000.0,351600.0,967.0,543.0
803,darianrojasc,D A R I A NR O J A S,29400000.0,3100000.0,445000.0,575.0,385.0
804,ibaillanos,Ibai,8900000.0,1500000.0,260500.0,1300.0,2000.0
805,tsezy,Tommy,4800000.0,2000000.0,253500.0,1900.0,735.0
806,linhkool1993,Linh Kool,4500000.0,3300000.0,330300.0,954.0,256.0
807,rayanfahmi,Rayoon,3200000.0,2200000.0,192000.0,2100.0,1100.0
808,unnecessaryinventions,unnecessaryinvention,4600000.0,2200000.0,194600.0,2000.0,1100.0
809,basementgang,Basement Gang,5000000.0,1400000.0,275200.0,1400.0,2100.0
810,bessan_esmail,ÿ®Ÿäÿ≥ÿßŸÜ ÿßÿ≥ŸÖÿßÿπŸäŸÑ - Bessan Ismail,10100000.0,1800000.0,132100.0,4200.0,1400.0
811,com.yuma1214,„Äê„Ç≥„É†„Éâ„ÉÉ„Éà„Äë„ÇÜ„ÅÜ„Åæ,812700.0,1300000.0,188300.0,3900.0,1400.0
812,anggun_core,anggun‚ú®,14800000.0,3600000.0,178000.0,1300.0,697.0
813,xibibrothers,Xibi Brothers,7600000.0,1800000.0,246500.0,888.0,2000.0
814,moni_lina,MoniLina,14500000.0,7700000.0,128100.0,367.0,942.0
815,avani,avani,40400000.0,1800000.0,237600.0,2100.0,874.0
816,haijoel,Haijoel,409500.0,2800000.0,167700.0,2500.0,279.0
817,samanthayve,samantha eve,5800000.0,1300000.0,205400.0,3400.0,1400.0
818,hoaa.hanassii,ƒê√†o L√™ Ph∆∞∆°ng Hoa,10800000.0,1600000.0,255300.0,2400.0,695.0
819,ryanbakery,ùôçùôÆùôñùô£ùòΩùôñùô†ùôöùôßùôÆ,1100000.0,1600000.0,171300.0,2400.0,2400.0
820,djprecise,DJ Precise,3400000.0,1700000.0,186400.0,3100.0,897.0
821,jeffreestar,Jeffree Star,2200000.0,2100000.0,208400.0,2000.0,872.0
822,christiandaloii_,Christiandaloii_,2900000.0,1500000.0,197400.0,2500.0,1900.0
823,abdullah_eltourky,Eltourky üëë,6700000.0,2000000.0,235700.0,1200.0,1400.0
824,oironyoliveira,Kbuloso üòà,5900000.0,1300000.0,87300.0,490.0,10900.0
825,lana_mohd89,ùë≥ùë®ùëµùë® ü¶ã,4400000.0,2100000.0,161700.0,2400.0,1200.0
826,lyrico__, ü è Ä…™·¥Ñ·¥è,2900000.0,1100000.0,105600.0,1100.0,10100.0
827,beasteater,BeastEater,18000000.0,2700000.0,248400.0,1700.0,208.0
828,nick.digiovanni,nick.digiovanni,8600000.0,2100000.0,295300.0,1200.0,778.0
829,milosramen,Jacobüá≠üá≥,1300000.0,2200000.0,272900.0,1400.0,665.0
830,steveharvey,Steve Harvey,9200000.0,1800000.0,176800.0,1700.0,2400.0
831,ngoanhtan1,B·∫°n T·∫•n ch√∫a t·ªÉ n·ªói bu·ªìn,777600.0,1600000.0,153100.0,2700.0,2400.0
832,gemelasabello2,gemelasabello2,13200000.0,2600000.0,293200.0,693.0,950.0
833,creatorar,Arpostt,624100.0,1700000.0,141300.0,733.0,4400.0
834,vanrezaputra,Elaina,320100.0,1900000.0,163300.0,2300.0,1800.0
835,bestluxurycars,Bestluxurycars,3000.0,769500.0,136900.0,1400.0,10200.0
836,johaanzu,JohaanZu,3600000.0,1700000.0,320200.0,1600.0,716.0
837,nelyrall,NELYRALL,4600000.0,1100000.0,214500.0,1900.0,3500.0
838,leigh_mcnasty,Leigh McClendon,2800000.0,1000000.0,157000.0,1300.0,6100.0
839,xo4y_remont56,user4538340664186,82900.0,2700000.0,67400.0,589.0,6000.0
840,sofarsabi,SOFARSABI,5500000.0,2100000.0,208400.0,2200.0,584.0
841,cerolzera,CEROL,4099999.9999999995,1700000.0,180400.0,2700.0,1300.0
842,animalize21,animalize21üî•,10300000.0,2000000.0,248100.0,1400.0,1000.0
843,itspierreboo,Pierre,12500000.0,1900000.0,278300.0,1600.0,753.0
844,lorengray,Loren Gray,54300000.0,1800000.0,248400.0,1500.0,1200.0
845,football.tonight,football.tonight,391500.0,2000000.0,152200.0,2300.0,1600.0
846,danielmidas,danielmidas,281800.0,1400000.0,119100.0,1600.0,5500.0
847,laila_mahmoud62,ŸÑŸäŸÑŸä ŸÖÿ≠ŸÖŸàÿØ ‚ô•Ô∏è,3000000.0,3400000.0,204700.0,772.0,931.0
848,quintongriggs,Q U I N T O N,6400000.0,1400000.0,169800.0,3300.0,1700.0
849,erictro,Eric Tro,2200000.0,3700000.0,358800.0,453.0,438.0
850,doongool,üî•Dongolüî•,3100000.0,2200000.0,255000.0,1100.0,1000.0
851,madozilla,mad,5700000.0,888900.0,194400.0,3900.0,2900.0
852,anxietycouple,Anxiety couple,10700000.0,2600000.0,274900.0,765.0,886.0
853,nildachiaraviglio,NildaChiaraviglio,798900.0,1300000.0,117900.0,723.0,7000.0
854,haccon.01,ùêáùêöÃ£ùêú ùêÇùê®ùêßü¶©,325100.0,1900000.0,157800.0,3600.0,314.0
855,fukada0318,Ê∑±Áî∞„Åà„ÅÑ„Åø,4600000.0,2000000.0,150800.0,2600.0,1300.0
856,ahmedbasyoni,Ahmed Basyoni,1200000.0,1700000.0,125900.0,2400.0,3000.0
857,sinadeinert,sinadeinert,5500000.0,967700.0,207500.0,4600.0,1200.0
858,austinandlexi,‚ö°Ô∏èAustin & Lexi üí•,3200000.0,1300000.0,253300.0,1500.0,2000.0
859,jayrscottyy,Jordan Scott,2300000.0,900600.0,173100.0,3700.0,3700.0
860,manja_faiez,Manja,593100.0,1500000.0,128000.0,2200.0,3800.0
861,moontellthat,MOONTELLTHAT,13100000.0,2300000.0,156900.0,1700.0,1600.0
862,baraa.bolat,@baraabolat,1600000.0,2300000.0,143900.0,2500.0,959.0
863,yurika_aruno,Danoneüíï,2800000.0,1300000.0,209900.0,2900.0,1300.0
864,360tv,ARISHA ROSS,9900000.0,2000000.0,162000.0,3000.0,461.0
865,its.__yara,its._yara,749500.0,1100000.0,65400.00000000001,7300.0,8600.0
866,ava_love33,Ava Love,2700000.0,1500000.0,299500.0,2100.0,471.0
867,mohaimen.alaa,ŸÖŸáŸäŸÖŸÜ ÿπŸÑÿßÿ°,2900000.0,1200000.0,190400.0,3500.0,1500.0
868,officialsalicerose,Salice Rose,18600000.0,1100000.0,201300.0,1800.0,3400.0
869,hisoyvaleria,‚ûñV A L E R I A ‚ûñ,6200000.0,2700000.0,354700.0,803.0,380.0
870,saaihalilintar,SAAIH HALILINTAR,4300000.0,3000000.0,272400.0,893.0,492.0
871,pierson,Pierson,12500000.0,2000000.0,287000.0,1700.0,306.0
872,mursid241,Mursid,2200000.0,2400000.0,179100.0,2300.0,416.0
873,stayc_official,STAYC,1300000.0,1600000.0,181100.0,2900.0,1000.0
874,liamsilk,Liam Silk,6900000.0,890600.0,249600.0,2600.0,2500.0
875,deangerald,ùïØùñäùñÜùñì,382000.0,1300000.0,193900.0,607.0,3800.0
876,polya_tuti,–ü–æ–ª—è —Ç—É—Çüî•üëá,2300000.0,3100000.0,250600.0,711.0,730.0
877,trevorwallace,trevor wallace,7300000.0,1500000.0,208700.0,759.0,2800.0
878,jarvali,Jarvis,2200000.0,1200000.0,251700.0,2100.0,1600.0
879,gertieinar,Gerti & Megi,2500000.0,4000000.0,162300.0,904.0,835.0
880,_angelomarasigan,Angelo,484000.0,1400000.0,206700.0,2100.0,1800.0
881,lupinelakes,Lupine,81400.0,1900000.0,376200.0,781.0,811.0
882,jauncydev,jonny devaney,1500000.0,1100000.0,172000.0,1300.0,4600.0
883,ivoryowl,Makayla,1100000.0,1400000.0,238000.0,1800.0,1500.0
884,joshrichards,Josh Richards,25600000.0,2200000.0,297800.0,991.0,691.0
885,haga7_dayo,HAGA SEVEN/ No Warüïä,1700000.0,2800000.0,120900.0,914.0,2300.0
886,itsmenicksmithy2,Nick Smithyman üòé,9800000.0,1600000.0,217000.0,1900.0,1400.0
887,so_andreyy,So_Andrey,541100.0,2200000.0,111800.0,537.0,4000.0
888,la.maraaa,LA MARA,6100000.0,959700.0,213900.0,5100.0,277.0
889,paulorgds,pauloüåª,375900.0,1400000.0,224900.0,1300.0,2200.0
890,murphslife,Aaron Murphy,4700000.0,1500000.0,173400.0,1400.0,2800.0
891,okthatscreepy,OkThat‚ÄôsCreepy,366800.0,3100000.0,144300.0,1200.0,1300.0
892,dylanpage.ning,Dylan Page,2500000.0,1200000.0,196900.0,2800.0,1900.0
893,fabiola.baglieri,ùêπùëéùëèùëñùëúùëôùëé,11600000.0,2400000.0,288700.0,1300.0,294.0
894,tnt_500,‡∏ó‡∏≤‡∏à‡∏¥‡∏°‡∏≤‡∏ô‡∏∞ ‡πÄ‡∏£‡∏µ‡∏¢‡∏ß,24100.0,1700000.0,236500.0,1200.0,1600.0
895,rawanfahmii,rawan,3400000.0,1800000.0,189700.0,1700.0,1500.0
896,bigcheese8581,Matt ‚ÄúBig Cheese‚Äù,7600.0,1300000.0,187300.0,581.0,4000.0
897,demin02_,–ù–∏–∫–∏—Ç–∞,1000000.0,1400000.0,223400.0,1900.0,1600.0
898,charlyokei,Charlyy,3700000.0,2400000.0,300100.0,914.0,583.0
899,pollyjaewebster,Polly-Jae,158400.0,1600000.0,188800.0,2200.0,1400.0
900,leventgeiger,Levent Geiger,3100000.0,1200000.0,165500.0,2600.0,2900.0
901,floofnoodles,Floofnoodles,17000000.0,1300000.0,154000.0,1800.0,3800.0
902,stwartabdala,‚Ä¢  R A T O N C I T O üßÄüêÅ,538800.0,932600.0,79200.0,905.0,13600.0
903,com.yuta0305,„Äê„Ç≥„É†„Éâ„ÉÉ„Éà„Äë„ÇÜ„ÅÜ„Åü,1000000.0,949100.0,179700.0,4300.0,2000.0
904,kxmzzzy,kxmz,370100.0,2000000.0,218300.0,999.0,1400.0
905,faulox_,faulox,6800000.0,1700000.0,172400.0,2700.0,1000.0
906,yourrkayesss,kayess,4800000.0,1100000.0,169000.0,3200.0,2800.0
907,oliviaalpert,Olivia Alpert,52700.0,2600000.0,139100.0,1900.0,996.0
908,brodywellmaker,Brody Wellmaker,20300000.0,1800000.0,229800.0,1300.0,1300.0
909,ranierao,rani,18100.0,929900.0,251600.0,2600.0,1900.0
910,antrobo10,Anthony,545000.0,850400.0,128100.0,2300.0,7200.0
911,therealmaneskin,M√•neskin,5400000.0,1100000.0,214000.0,2900.0,1500.0
912,gustavomeloof,Gustavo Melo,4600000.0,1200000.0,86800.0,1300.0,8600.0
913,samsamne0,Sam Samm,709400.0,2100000.0,187700.0,1800.0,893.0
914,bassant33,üî•bassantOfficialüî•,4500000.0,2700000.0,162200.0,1600.0,793.0
915,aichangemoy_,YT : AiChan TV,6600000.0,1700000.0,191200.0,2500.0,680.0
916,jaytorresss,Jay Torres,3800000.0,1800000.0,242700.0,844.0,1600.0
917,xvusex,T,21100.0,951600.0,199100.0,1300.0,4100.0
918,sibenitoo,SiBenitoo,4700000.0,2200000.0,140000.0,1700.0,1700.0
919,jumpersjump,Jumpers Jump Podcast,6400000.0,2100000.0,220100.0,1700.0,486.0
920,williesalim,WILLIE SALIM,8300000.000000001,1900000.0,148200.0,2900.0,713.0
921,itsari.aleise,Arianna Hailey,11800000.0,1700000.0,322800.0,1600.0,359.0
922,arilbjn,Mochamad,51300.0,1300000.0,221900.0,955.0,2700.0
923,camxnie,Cam & Nie,3200000.0,1400000.0,173900.0,544.0,3700.0
924,cristobalsoria,Crist√≥bal Soria,572000.0,1200000.0,120200.0,4400.0,2700.0
925,japeth023,japeth023,557900.0,1500000.0,194200.0,1600.0,1900.0
926,venao2323,YANFRY EL TIERNOüôà,4200000.0,1500000.0,166600.0,1000.0,3000.0
927,kuki_yt,Kuki_youtube,1800000.0,1500000.0,315700.0,1300.0,774.0
928,ozikoy,KOY,6900000.0,2200000.0,186400.0,1200.0,1300.0
929,swaghoe666,Tik Toker,1400000.0,2100000.0,306500.0,1100.0,501.0
930,robsonabreu,Robson Abreu,3200000.0,1400000.0,82000.0,8300.0,470.0
931,juliagisella,Julia Gisella,10200000.0,784400.0,186900.0,3100.0,3700.0
932,andreslleal,Andr√©s Leal,2800000.0,1700000.0,91600.0,3700.0,2900.0
933,gabryellurlan,Gabryell Urlan,6800000.0,1400000.0,221900.0,1200.0,2100.0
934,kagramanana,kagramana,6200000.0,1200000.0,184100.0,1000.0,3500.0
935,yizaroff,YIZARO,4000000.0,1400000.0,225100.0,2600.0,611.0
936,adamw,Adam W,15700000.0,1800000.0,179500.0,1100.0,1900.0
937,xoteam,XO Team,32100000.0,2100000.0,222900.0,1600.0,481.0
938,saydenseay,Sayden,3300000.0,938900.0,257300.0,1600.0,2500.0
939,justthenobodys,JustTheNobodys,7100000.0,1400000.0,175800.0,2200.0,1800.0
940,snerixx,Sam Erix,8000000.0,1900000.0,369200.0,1000.0,361.0
941,valenrewah,Valent,7500000.0,2400000.0,272600.0,929.0,605.0
942,cheekyboyos,the cheeky boyos,10900000.0,1800000.0,252800.0,1300.0,867.0
943,cokodive,cokodive,188500.0,871100.0,172500.0,2800.0,3700.0
944,_tusya_kiskis,_Tusya_kiskis,6700000.0,1400000.0,161200.0,1500.0,2800.0
945,danaandthewolf,danaandthewolf,187300.0,2500000.0,252500.0,824.0,712.0
946,pakoyaso_,Pakoyaso,9500000.0,1800000.0,216100.0,1200.0,1400.0
947,zhenyalavrik,–ü–µ—Ä–µ–µ–∑–¥ –≤ –¢—É—Ä—Ü–∏—é üáπüá∑,364500.0,3200000.0,69400.0,1800.0,2600.0
948,teukuryantr,teukuryantr,3100000.0,1700000.0,236800.0,1300.0,1100.0
949,jamescharles,James Charles,36100000.0,1700000.0,191600.0,2200.0,752.0
950,zhenyalavrik,–ü–µ—Ä–µ–µ–∑–¥ –≤ –¢—É—Ä—Ü–∏—é üáπüá∑,364500.0,3200000.0,69400.0,1800.0,2600.0
951,teukuryantr,teukuryantr,3100000.0,1700000.0,236800.0,1300.0,1100.0
952,jamescharles,James Charles,36100000.0,1700000.0,191600.0,2200.0,752.0
953,cardncyn,Carddd,1500000.0,2500000.0,271100.0,791.0,623.0
954,mariahandbill,Mariah and Bill ·É¶,13900000.0,2700000.0,217800.0,1200.0,462.0
955,jamal.jamael,Karim Jamal,2600000.0,1400000.0,203400.0,2400.0,991.0
956,nastasyashinee,üáÆüá© BAGUS ISTRI üáÆüá©,4900000.0,2500000.0,154500.0,1600.0,880.0
957,riska_nurwidia,Riska Nur Widia,2600000.0,2500000.0,276800.0,623.0,755.0
958,ermo1enko,üñ§–¢–í–û–Ø –í–ï–ß–ï–†–ò–ù–ö–êüñ§,1700000.0,1700000.0,326300.0,870.0,849.0
959,mackenzieziegler,Mackenzie Ziegler,22100000.0,2100000.0,325500.0,1000.0,380.0
960,yarenalaca,Yaren Alaca,5400000.0,1600000.0,119200.0,4600.0,513.0
961,gabrielvalland,Gabriel Valland,958200.0,1100000.0,257899.99999999997,1700.0,1700.0
962,judiitharias,Judith & √Ångel üôãüèª‚Äç‚ôÄÔ∏èüôãüèΩ‚Äç‚ôÇÔ∏è,15700000.0,3100000.0,302000.0,763.0,249.0
963,adamrayokay,ADAMRAY,6800000.0,1900000.0,217600.0,1700.0,629.0
964,ethob0t,Ethobot,534200.0,2400000.0,203100.0,1300.0,668.0
965,soylapizito,lapizito,13300000.0,2100000.0,277200.0,1200.0,442.0
966,fadeewa_makeup,–§–∞–¥–µ–µ–≤–∞ü¶û,760200.0,1300000.0,113200.0,1700.0,4600.0
967,rosssmith,Ross Smith,21800000.0,1400000.0,263300.0,814.0,1700.0
968,bentleybuilds,Bentley Bastian,72000.0,3100000.0,77600.0,826.0,3100.0
969,edwinmendozza,ùñäùñâùñúùñéùñì,14200000.0,1800000.0,393600.0,1000.0,349.0
970,cocielo,J√∫lio Cocielo,4300000.0,1300000.0,204600.0,1500.0,2000.0
971,riqqo_,Riqqo_,66000.0,2900000.0,170300.0,1500.0,361.0
972,lgndfrvr,LGNDFRVR,15800000.0,1900000.0,241300.0,670.0,1300.0
973,jajad5,jajad5,630800.0,982400.0,263800.0,2100.0,1500.0
974,cocinaconcoqui,cocinaconcoqui,2000000.0,1400000.0,278300.0,628.0,1700.0
975,rucenuenda1,Ruce Nuenda,1100000.0,1600000.0,280900.0,1500.0,589.0
976,thaotaotau,Ph∆∞∆°ng Th·∫£o,5100000.0,2500000.0,267900.0,1200.0,237.0
977,brycehall,Bryce Hall,21300000.0,2400000.0,283200.0,901.0,476.0
978,just_dt,Dt,8900000.0,1100000.0,198600.0,1800.0,2500.0
979,seleterr,seleterr,27100.0,1500000.0,180500.0,807.0,2500.0
980,teamsport_philipp,Teamsport_Philipp,23200.0,957200.0,140400.0,2100.0,4600.0
981,arananadam38,Okan Ta≈üdemir,175100.0,2000000.0,60000.0,967.0,6600.0
982,mngnzls,MONA,13000000.0,2600000.0,191100.0,1500.0,310.0
983,niico_pr,–º–∏—à–∞,1100000.0,1400000.0,197700.0,1900.0,1300.0
984,keemokazi,KEEMOKAZI,26000000.0,2100000.0,256000.0,1400.0,293.0
985,vivi,Vivi,10300000.0,1700000.0,224700.0,2000.0,412.0
986,german_crusader,Stardust Crusader,99000.0,902500.0,149000.0,1600.0,5100.0
987,whitehernandez,Blanca Hern√°ndez,112600.0,1400000.0,229700.0,1400.0,1400.0
988,shyazryne,aEiOu,86200.0,2900000.0,316000.0,595.0,373.0
989,rozhkova.olesya,Roozhkova,850000.0,1500000.0,197200.0,964.0,2100.0
990,mosqvin_,–¢–∞ —Å–∞–º–∞—è —É—á–∏–ª–∫–∞‚ù§Ô∏èüî•,2600000.0,1900000.0,348500.0,714.0,637.0
991,sepultacion,mari,6400000.0,1300000.0,301400.0,1900.0,404.0
992,kaansanity,aakaanksh,4900000.0,1100000.0,86400.0,569.0,8800.0
993,dizzlipin,diZzLipin,909600.0,1900000.0,79900.0,5500.0,356.0
994,aldomirandar,üòÇ Aldo Miranda üòÇ,8400000.0,1300000.0,212700.0,605.0,2700.0
995,nicolebernaal,nicolebernaal,4000000.0,2200000.0,351300.0,957.0,195.0
996,bellaretamosa,bella,5100000.0,2500000.0,340400.0,901.0,145.0
997,tunico80,üå†Antonio Tononüå†,5800000.0,1000000.0,206800.0,2000.0,2100.0
998,armon.warren,Armoney,1200000.0,1900000.0,300800.0,904.0,630.0
999,soanhvadiephihi,Soanh x Di·ªáp üíé,1600000.0,2600000.0,273200.0,720.0,530.0
